ps_site_id,exp_id,method,region,subregion,locality,date,time,latitude,longitude,site_name,habitat,exposure,in_mpa,mpa_notes,team_lead,notes
CHL_2013_uvs_001,CHL_2013,uvs,Desventuradas,San Ambrosio,NA,2013-02-10,15:20:00,-26.34813,-79.87831,SA3,kelp_forest,exposed,FALSE,NA,Alan Friedlander,NA
CHL_2013_uvs_008,CHL_2013,uvs,Desventuradas,San Ambrosio,NA,2013-02-15,09:22:00,-26.34953,-79.882,SA4,kelp_forest,exposed,FALSE,NA,Alan Friedlander,NA
CHL_2013_uvs_010,CHL_2013,uvs,Desventuradas,San Ambrosio,NA,2013-02-15,16:10:00,-26.34429,-79.86182,SA1,kelp_forest,exposed,FALSE,NA,Alan Friedlander,NA
CHL_2013_uvs_012,CHL_2013,uvs,Desventuradas,San Ambrosio,NA,2013-02-20,15:30:00,-26.3485,-79.90611,SA9,kelp_forest,exposed,FALSE,NA,Alan Friedlander,NA
CHL_2013_uvs_014,CHL_2013,uvs,Desventuradas,San Ambrosio,NA,2013-02-21,14:20:00,-26.34226,-79.86926,SA18,kelp_forest,exposed,FALSE,NA,Alan Friedlander,NA
CHL_2013_uvs_016,CHL_2013,uvs,Desventuradas,San Ambrosio,NA,2013-02-22,15:40:00,-26.34551,-79.87339,SA2,kelp_forest,exposed,FALSE,NA,Alan Friedlander,NA
CHL_2013_uvs_017,CHL_2013,uvs,Desventuradas,San Ambrosio,NA,2013-02-23,09:30:00,-26.35158,-79.89581,SA7,kelp_forest,exposed,FALSE,NA,Alan Friedlander,NA
CHL_2013_uvs_018,CHL_2013,uvs,Desventuradas,San Ambrosio,NA,2013-02-23,11:30:00,-26.35049,-79.90166,SA8,kelp_forest,exposed,FALSE,NA,Alan Friedlander,NA
CHL_2013_uvs_019,CHL_2013,uvs,Desventuradas,San Ambrosio,NA,2013-02-23,16:35:00,-26.34925,-79.88969,SA6,kelp_forest,exposed,FALSE,NA,Alan Friedlander,NA
CHL_2013_uvs_002,CHL_2013,uvs,Desventuradas,San Ambrosio,NA,2013-02-13,09:10:00,-26.33838,-79.89959,SA12,kelp_forest,sheltered,FALSE,NA,Alan Friedlander,NA
CHL_2013_uvs_003,CHL_2013,uvs,Desventuradas,San Ambrosio,NA,2013-02-13,11:35:00,-26.3388,-79.90264,SA11,kelp_forest,sheltered,FALSE,NA,Alan Friedlander,NA
CHL_2013_uvs_004,CHL_2013,uvs,Desventuradas,San Ambrosio,NA,2013-02-13,15:42:00,-26.33988,-79.87282,SA17,kelp_forest,sheltered,FALSE,NA,Alan Friedlander,NA
CHL_2013_uvs_005,CHL_2013,uvs,Desventuradas,San Ambrosio,NA,2013-02-14,09:10:00,-26.33754,-79.87769,SA16,kelp_forest,sheltered,FALSE,NA,Alan Friedlander,NA
CHL_2013_uvs_006,CHL_2013,uvs,Desventuradas,San Ambrosio,NA,2013-02-14,11:30:00,-26.33611,-79.88457,SA15,kelp_forest,sheltered,FALSE,NA,Alan Friedlander,NA
CHL_2013_uvs_007,CHL_2013,uvs,Desventuradas,San Ambrosio,NA,2013-02-14,15:50:00,-26.33624,-79.88846,SA14,kelp_forest,sheltered,FALSE,NA,Alan Friedlander,NA
CHL_2013_uvs_009,CHL_2013,uvs,Desventuradas,San Ambrosio,NA,2013-02-15,11:45:00,-26.34424,-79.90506,SA10,kelp_forest,sheltered,FALSE,NA,Alan Friedlander,NA
CHL_2013_uvs_011,CHL_2013,uvs,Desventuradas,San Ambrosio,NA,2013-02-20,09:30:00,-26.3373,-79.89379,SA13,kelp_forest,sheltered,FALSE,NA,Alan Friedlander,NA
CHL_2013_uvs_013,CHL_2013,uvs,Desventuradas,San Ambrosio,NA,2013-02-21,09:15:00,-26.34138,-79.90437,SA11a,kelp_forest,sheltered,FALSE,NA,Alan Friedlander,NA
CHL_2013_uvs_015,CHL_2013,uvs,Desventuradas,San Ambrosio,NA,2013-02-22,10:10:00,-26.33709,-79.8804,SA14a,kelp_forest,sheltered,FALSE,NA,Alan Friedlander,NA
RUS_2013_uvs_002,RUS_2013,uvs,Franz Josef Land,Hooker,Takhaya bay,2013-07-31,10:30:00,80.33786,52.76162,Historical Station No. 1,kelp_forest,unknown,FALSE,NA,Alan Friedlander,"Sandy-cobble shallows dropping into a boulder-based kelp forest dominated by Alaria esculenta, Saccharina latissima and Laminaria spp., with sparse understorey algae and patchy ophiuroid-amphipod fauna."
RUS_2013_uvs_008,RUS_2013,uvs,Franz Josef Land,Northbrook,Cape flora,2013-08-05,10:44:00,79.95724,50.04443,Cape Flora,kelp_forest,unknown,FALSE,NA,Alan Friedlander,"Cobbles to 4 m followed by sand patches and a dense Laminaria digitata forest with high recruitment and diverse understorey algae including Delaravea, cryptonemialean reds and rare Leptonematella."
RUS_2013_uvs_009,RUS_2013,uvs,Franz Josef Land,Luigi,Burke bay,2013-08-06,13:00:00,80.875,54.695,Burke Bay,kelp_forest,unknown,FALSE,NA,Alan Friedlander,"An Acrosiphonia carpet in 1-3 m transitions to a cobble-based kelp forest dominated by Alaria shallower and Saccharina deeper, giving way to soft-sediment ophiuroid beds below ~11 m."
RUS_2013_uvs_014,RUS_2013,uvs,Franz Josef Land,Hayes,Hayes,2013-08-12,16:47:00,80.63031,58.0549,Historical Station,kelp_forest,unknown,FALSE,NA,Alan Friedlander,Sandy bottom with scattered rocks where Acrosiphonia covers the shallows and a mixed Alaria-Saccharina kelp bed develops below 5 m over a sparse understorey with occasional Desmarestia and Arctic cod.
RUS_2013_uvs_015,RUS_2013,uvs,Franz Josef Land,Hayes,Hayes,2013-08-13,12:00:00,80.6272,58.06468,Historical Station,kelp_forest,unknown,FALSE,NA,Alan Friedlander,NA
RUS_2013_uvs_016,RUS_2013,uvs,Franz Josef Land,Alger,Mathilda is,2013-08-14,12:00:00,80.36541,55.73885,Mathilda Is,kelp_forest,unknown,FALSE,NA,Alan Friedlander,"Pebbly shallows with Acrosiphonia give way to a diverse kelp forest of Alaria, Saccharina, L. solidungula and L. digitata, punctuated by kelp-free rocky patches and sparse understorey algae and fishes."
RUS_2013_uvs_021,RUS_2013,uvs,Franz Josef Land,Howen,NA,2013-08-20,16:42:00,81.51587,58.3569,NA,kelp_forest,unknown,FALSE,NA,Alan Friedlander,"Shallow rocks with ephemeral algae lead into a very dense Saccharina-Alaria kelp bed from 4-18 m, followed by a deeper assemblage of corallines, Phycodrys and large invertebrates."
RUS_2013_uvs_022,RUS_2013,uvs,Franz Josef Land,Nansen,Nansen,2013-08-23,10:15:00,80.56934,54.29729,Nansen,kelp_forest,unknown,FALSE,NA,Alan Friedlander,NA
RUS_2013_uvs_023,RUS_2013,uvs,Franz Josef Land,Wilton,NA,2013-08-23,16:45:00,80.56934,54.29729,NA,kelp_forest,unknown,FALSE,NA,Alan Friedlander,"Shallow rocks with scattered ephemeral algae progress into a Saccharina-dominated kelp bed to 25 m with Alaria and L. solidungula, then deeper sparse kelps and abundant invertebrates."
RUS_2013_uvs_024,RUS_2013,uvs,Franz Josef Land,Bliss,Bliss,2013-08-24,10:28:00,80.36662,54.55375,Bliss,kelp_forest,unknown,FALSE,NA,Alan Friedlander,"Kelp begins at 2 m with small L. digitata and develops into a 5-20 m forest of Saccharina, Alaria and L. solidungula over invertebrate-rich deeper zones with Hormathia, urchins and brittlestars."
RUS_2013_uvs_025,RUS_2013,uvs,Franz Josef Land,Mcclintock,Mcclintock,2013-08-24,18:07:00,80.09297,55.79691,McClintock,kelp_forest,unknown,FALSE,NA,Alan Friedlander,"Low-slope rocky bottom with a very dense 3-7 m L. digitata bed interspersed with ephemeral algae and an understorey of Delaravea, corallines and bryozoans hosting Liparus."
RUS_2013_uvs_026,RUS_2013,uvs,Franz Josef Land,Northbrook,Cape flora,2013-08-26,10:40:00,79.94508,50.09071,Cape Flora,kelp_forest,unknown,FALSE,NA,Alan Friedlander,NA
RUS_2013_uvs_007,RUS_2013,uvs,Franz Josef Land,Hooker,Takhaya bay,2013-08-04,11:34:00,80.33511,52.85342,Historical Station No. 2,mixed_bottom,unknown,FALSE,NA,Alan Friedlander,"Shallow sandy-silty slope with a narrow Laminaria belt above an ophiuroid- and ascidian-dominated soft-bottom biocoenosis extending to 10-12 m, with algae largely absent below the kelp band."
RUS_2013_uvs_010,RUS_2013,uvs,Franz Josef Land,Stoliczka,Stoliczka,2013-08-08,10:30:00,81.19788,58.31498,Stoliczka,mixed_bottom,unknown,FALSE,NA,Alan Friedlander,"Sandy shallows with pebble patches supporting diverse ephemeral algae and scattered kelps-mainly L. digitata, S. latissima and Alaria-with occasional large Sacchorhiza and abundant recruits."
RUS_2013_uvs_017,RUS_2013,uvs,Franz Josef Land,Kuhn,Kuhn,2013-08-16,11:22:00,81.11126,58.32969,Kuhn,mixed_bottom,unknown,FALSE,NA,Alan Friedlander,"Sandy bottom with scattered cobbles supporting juvenile kelps and ephemeral algae in the shallows, giving way to sparse kelp clumps between 7-15 m and deeper mud hosting red algae and echinoderms."
RUS_2013_uvs_019,RUS_2013,uvs,Franz Josef Land,Komsomolskie,Komsomolskie,2013-08-17,11:33:00,80.64703,58.91755,Komsomolskie,mixed_bottom,unknown,FALSE,NA,Alan Friedlander,"Sandy bottom with abundant shallow pebbles supporting rich ephemeral algae, transitioning to patchy Saccharina-Alaria kelps to 16 m with Bugula and Desmarestia in the understorey."
RUS_2013_uvs_020,RUS_2013,uvs,Franz Josef Land,Rudolf,Cape fligely,2013-08-19,10:24:00,81.85158,59.246,Cape Fligely,mixed_bottom,unknown,FALSE,NA,Alan Friedlander,Boulder-dominated shallows with ephemeral algae to ~8 m grading into mixed boulder-sediment with ~30% kelp cover dominated by Saccharina and sparse reds and invertebrates.
RUS_2013_uvs_027,RUS_2013,uvs,Franz Josef Land,Scott-Ketly,NA,2013-08-27,10:27:00,80.35624,52.43388,NA,mixed_bottom,unknown,FALSE,NA,Alan Friedlander,"Boulder shallows hosting ephemeral and juvenile-kelp assemblages with sparse L. digitata, grading into deeper sand with clumped large Saccharina, Alaria and L. solidungula and bryozoans."
RUS_2013_uvs_001,RUS_2013,uvs,Franz Josef Land,Hooker,Takhaya bay,2013-07-30,10:40:00,80.319,52.836,Rubini Rock,rockwall,unknown,FALSE,NA,Alan Friedlander,NA
RUS_2013_uvs_004,RUS_2013,uvs,Franz Josef Land,Hooker,Takhaya bay,2013-08-01,10:40:00,80.31946,52.82079,Rubini Rock,rockwall,unknown,FALSE,NA,Alan Friedlander,"Steep boulder wall from 2-21 m supporting a deepening kelp forest of Alaria, Saccharina and Laminaria spp., with Hormathia digitata, Desmarestia spp. and sparse red algae increasing below 20 m."
RUS_2013_uvs_005,RUS_2013,uvs,Franz Josef Land,Hooker,Takhaya bay,2013-08-02,17:08:00,80.31902,52.81104,Rubini Rock,rockwall,unknown,FALSE,NA,Alan Friedlander,Steep rocky slope to >30 m with a kelp assemblage essentially identical to the adjacent Rubini Rock wall.
RUS_2013_uvs_006,RUS_2013,uvs,Franz Josef Land,Hooker,Takhaya bay,2013-08-03,11:57:00,80.31367,52.8324,Rubini Rock,rockwall,unknown,FALSE,NA,Alan Friedlander,NA
RUS_2013_uvs_011,RUS_2013,uvs,Franz Josef Land,Brosh,Brosh,2013-08-08,17:10:00,81.10447,58.3502,Brosh,rockwall,unknown,FALSE,NA,Alan Friedlander,"Very steep rocky wall where Alaria dominates the upper kelp zone, replaced by Saccharina and L. solidungula deeper, with rich coralline cover, abundant Hormathia and echinoderms, and declining kelps below ~20 m."
RUS_2013_uvs_012,RUS_2013,uvs,Franz Josef Land,Brosh,Brosh,2013-08-09,11:00:00,81.10463,58.3532,Brosh,rockwall,unknown,FALSE,NA,Alan Friedlander,NA
RUS_2013_uvs_018,RUS_2013,uvs,Franz Josef Land,Brosh,Brosh,2013-08-16,17:06:00,81.10427,58.35246,Brosh,rockwall,unknown,FALSE,NA,Alan Friedlander,NA
RUS_2013_uvs_028,RUS_2013,uvs,Franz Josef Land,Alexandra,NA,2013-08-28,15:40:00,80.70964,47.52581,NA,rockwall,unknown,FALSE,NA,Alan Friedlander,"Steep boulder wall scoured by ice, nearly devoid of macroalgae and dominated by dense urchins, Hormathia, Urticina, barnacles and Hiatella, with Gersemia common deeper."
RUS_2013_uvs_003,RUS_2013,uvs,Franz Josef Land,Hooker,Takhaya bay,2013-07-31,17:00:00,80.31799,52.85237,Historical Station No. 3,soft_bottom,unknown,FALSE,NA,Alan Friedlander,"Sandy-muddy bottom with scattered cobbles holding patchy kelp stands of L. solidungula, S. latissima and L. digitata, above a classic shallow ophiuroid-amphipod assemblage."
RUS_2013_uvs_013,RUS_2013,uvs,Franz Josef Land,Weiner-Naustadt,Weiner-naustadt,2013-08-10,10:30:00,80.85326,58.95816,Weiner-Naustadt,soft_bottom,unknown,FALSE,NA,Alan Friedlander,"Uniform sandy-muddy bottom lacking macrophytes in the shallows, with isolated deep patches of large Saccharina latissima hosting Liparus."
MOZ_2014_uvs_001,MOZ_2014,uvs,Inhambane Province,Tofo,Tofo,2014-04-03,10:45:00,-23.91319,35.53523,Chamber_secrets,rocky_reef,unknown,FALSE,NA,Alan Friedlander,"Linear fossil sandstone reef, nearshore, low viz"
MOZ_2014_uvs_002,MOZ_2014,uvs,Inhambane Province,Tofo,Tofo,2014-04-03,14:00:00,-23.81191,35.54203,Mikes_cupboard,rocky_reef,unknown,FALSE,NA,Alan Friedlander,NA
MOZ_2014_uvs_003,MOZ_2014,uvs,Inhambane Province,Tofo,Tofo,2014-04-04,11:00:00,-23.70684,35.56906,Office,rocky_reef,unknown,FALSE,NA,Alan Friedlander,"Offshore mound, current, low viz, no benthic data"
MOZ_2014_uvs_004,MOZ_2014,uvs,Inhambane Province,Tofo,Tofo,2014-04-04,14:00:00,-23.71263,35.56705,Reggies,rocky_reef,unknown,FALSE,NA,Alan Friedlander,NA
MOZ_2014_uvs_005,MOZ_2014,uvs,Inhambane Province,Inhambe delta,Inhambe delta,2014-04-06,10:30:00,-23.75542,35.43806,Inhambe river mouth 1,seagrass,unknown,FALSE,NA,Alan Friedlander,Seagrass qualitative
MOZ_2014_uvs_006,MOZ_2014,uvs,Inhambane Province,Inhambe delta,Inhambe delta,2014-04-06,14:45:00,-23.77361,35.44682,Inhambe river mouth 2,seagrass,unknown,FALSE,NA,Alan Friedlander,Seagrass qualitative
MOZ_2014_uvs_007,MOZ_2014,uvs,Inhambane Province,Zavora,Zavora,2014-04-08,10:20:00,-24.56215,35.28957,Yogis,bank,unknown,FALSE,NA,Alan Friedlander,"Deep reef, 10km offshore"
MOZ_2014_uvs_008,MOZ_2014,uvs,Inhambane Province,Zavora,Zavora,2014-04-08,12:30:00,-24.47512,35.24511,Great_wall_south,rocky_reef,unknown,FALSE,NA,Alan Friedlander,offshore reef low visibility
MOZ_2014_uvs_009,MOZ_2014,uvs,Inhambane Province,Zavora,Zavora,2014-04-09,10:20:00,-24.4777,35.35451,Tentacao,kelp_forest,unknown,FALSE,NA,Alan Friedlander,"Deep reef, 12 km up the coast, kelp bed"
MOZ_2014_uvs_010,MOZ_2014,uvs,Inhambane Province,Zavora,Zavora,2014-04-09,12:00:00,-24.45078,35.26761,Great_wall_north,rocky_reef,unknown,FALSE,NA,Alan Friedlander,"Lots of surge, poor viz, large groupers"
MOZ_2014_uvs_011,MOZ_2014,uvs,Inhambane Province,Paindane,Paindane,2014-04-10,11:00:00,-24.09789,35.50832,Paindane,reef_pavement,unknown,FALSE,NA,Alan Friedlander,"Reef close to shore, giant swell, crazy boat launch"
MOZ_2014_uvs_012,MOZ_2014,uvs,Inhambane Province,Inhambe delta,Inhambe delta,2014-04-11,11:00:00,-23.75542,35.43806,Inhambe river mouth 1,seagrass,unknown,FALSE,NA,Alan Friedlander,Seagrass quantitive
MOZ_2014_uvs_013,MOZ_2014,uvs,Inhambane Province,Masinga,Masinga,2014-04-14,08:30:00,-23.37879,35.60508,Masinga1,rocky_reef,unknown,FALSE,NA,Alan Friedlander,"Deep reef, viz 15m"
MOZ_2014_uvs_014,MOZ_2014,uvs,Inhambane Province,Masinga,Masinga,2014-04-14,11:30:00,-23.39329,35.60396,Masinga2,pinnacle_reef,unknown,FALSE,NA,Alan Friedlander,"Deep reef, viz 15m, 79C at surface-73at depth"
MOZ_2014_uvs_015,MOZ_2014,uvs,Inhambane Province,Pomene,Pomene,2014-04-15,09:30:00,-23.20505,35.61763,Sylvia1,rocky_reef,unknown,FALSE,NA,Alan Friedlander,Very deep reef
MOZ_2014_uvs_016,MOZ_2014,uvs,Inhambane Province,Pomene,Pomene,2014-04-15,14:00:00,-23.19167,35.5342,Sylvia2,rocky_reef,unknown,FALSE,NA,Alan Friedlander,Shallow nearshore reef
MOZ_2014_uvs_017,MOZ_2014,uvs,Inhambane Province,Pomene,Pomene,2014-04-16,07:00:00,-23.94482,35.608,Rappies,rocky_reef,unknown,FALSE,NA,Alan Friedlander,"Nearshore, low viz, high diversity"
MOZ_2014_uvs_018,MOZ_2014,uvs,Inhambane Province,Pomene,Pomene,2014-04-16,10:30:00,-22.79248,35.5792,Trojan,fore_reef,unknown,FALSE,NA,Alan Friedlander,Southern end of long offshore reef
MOZ_2014_uvs_019,MOZ_2014,uvs,Inhambane Province,Pomene,Pomene,2014-04-16,13:30:00,-22.77511,35.60679,Zambia_pinnacle,pinnacle_reef,unknown,FALSE,NA,Alan Friedlander,deep pinnacle
MOZ_2014_uvs_020,MOZ_2014,uvs,Inhambane Province,Pomene,Pomene,2014-04-17,10:30:00,-22.79209,35.58014,Trojan2,fore_reef,unknown,FALSE,NA,Alan Friedlander,Same site
MOZ_2014_uvs_021,MOZ_2014,uvs,Inhambane Province,Mahangate,Mahangate,2014-04-18,08:00:00,-22.52118,35.56439,Africa_bank,bank,unknown,FALSE,NA,Alan Friedlander,"Nice offshore reef, sharks"
MOZ_2014_uvs_022,MOZ_2014,uvs,Inhambane Province,San sebastian,San sebastian,2014-04-18,12:20:00,-22.29431,35.56642,Bump,pinnacle_reef,unknown,FALSE,NA,Alan Friedlander,"Pinnacle, manta, shark, lots of planktivores"
MOZ_2014_uvs_023,MOZ_2014,uvs,Inhambane Province,San sebastian,San sebastian,2014-04-18,15:30:00,-22.25698,35.53758,Lighthouse,rocky_reef,unknown,FALSE,NA,Alan Friedlander,"Nearshore reef, very fishy"
MOZ_2014_uvs_024,MOZ_2014,uvs,Inhambane Province,Magaruque,Magaruque,2014-04-19,11:45:00,-22.0451,35.528,Baluba,rocky_reef,unknown,FALSE,NA,Alan Friedlander,"Shallow, low viz, surge"
MOZ_2014_uvs_025,MOZ_2014,uvs,Inhambane Province,Magaruque,Magaruque,2014-04-19,15:45:00,-22.01562,35.55315,Best,rocky_reef,unknown,FALSE,NA,Alan Friedlander,"Very deep reef, strong current, pelagics, 1000+ Caranx sexfasciatus"
MOZ_2014_uvs_026,MOZ_2014,uvs,Inhambane Province,Bazaruto,Bazaruto,2014-04-20,09:10:00,-21.80775,35.50539,2milereef,fore_reef,unknown,FALSE,NA,Alan Friedlander,"spure and groove, low relief, few predators"
MOZ_2014_uvs_027,MOZ_2014,uvs,Inhambane Province,Bazaruto,Bazaruto,2014-04-20,12:00:00,-21.72648,35.50181,5milereef,fore_reef,unknown,FALSE,NA,Alan Friedlander,outside of emergent reef nearshore with large sand dunes landward
MOZ_2014_uvs_028,MOZ_2014,uvs,Inhambane Province,Bazaruto,Bazaruto,2014-04-20,15:00:00,-21.63813,35.50063,Sailfishbay,fringing_reef,unknown,FALSE,NA,Alan Friedlander,"high sediment, large sand dunes"
MOZ_2014_uvs_029,MOZ_2014,uvs,Inhambane Province,Bazaruto,Bazaruto,2014-04-21,10:20:00,-21.35818,35.50062,25milereef,bank,unknown,FALSE,NA,Alan Friedlander,"Long offshore reef, high relief"
MOZ_2014_uvs_030,MOZ_2014,uvs,Inhambane Province,Bazaruto,Bazaruto,2014-04-21,12:45:00,-21.3772,35.50225,Queenies,patch_reef,unknown,FALSE,NA,Alan Friedlander,"Small patch in middle of large sandy area, lots of planktivores"
MOZ_2014_uvs_031,MOZ_2014,uvs,Inhambane Province,Bazaruto,Bazaruto,2014-04-21,15:30:00,-21.51352,35.48972,Lighthouse,fringing_reef,unknown,FALSE,NA,Alan Friedlander,Linear reef at northern tip of Bazaruto Island
MOZ_2014_uvs_032,MOZ_2014,uvs,Inhambane Province,Bazaruto,Bazaruto,2014-04-22,09:30:00,-21.60182,35.5001,North_sailfishbay,fringing_reef,unknown,FALSE,NA,Alan Friedlander,"Fringing reef, low relief, low cover"
MOZ_2014_uvs_033,MOZ_2014,uvs,Inhambane Province,Bazaruto,Bazaruto,2014-04-22,11:00:00,-21.52737,35.49739,Lighthouse2,fringing_reef,unknown,FALSE,NA,Alan Friedlander,"Fringing reef, low relief, low cover"
ARG_2018a_uvs_001,ARG_2018a,uvs,Tierra del Fuego,Isla de los Estados,Isla Alexander,2018-02-13,10:00:00,-54.846,-64.39,NA,kelp_forest,sheltered,FALSE,NA,Alan Friedlander,"N side of islet, towards cal. Brent"
ARG_2018a_uvs_002,ARG_2018a,uvs,Tierra del Fuego,Isla de los Estados,Merle Cove,2018-02-13,15:30:00,-54.792,-64.08,NA,kelp_forest,sheltered,FALSE,NA,Alan Friedlander,Protected cove inside pto. Vancouver
ARG_2018a_uvs_003,ARG_2018a,uvs,Tierra del Fuego,Isla de los Estados,Puerto Cook,2018-02-14,10:00:00,-54.74263,-63.99825,NA,kelp_forest,exposed,FALSE,NA,Alan Friedlander,Mouth of cook bay at pto. Bollo
ARG_2018a_uvs_004,ARG_2018a,uvs,Tierra del Fuego,Isla de los Estados,Puerto Lasserre,2018-02-14,15:30:00,-54.73656,-63.86156,NA,kelp_forest,sheltered,FALSE,NA,Alan Friedlander,Sheltered cove by landing point for lighthouse
ARG_2018a_uvs_005,ARG_2018a,uvs,Tierra del Fuego,Isla de los Estados,Puerto Back,2018-02-15,09:30:00,-54.78655,-63.88042,NA,kelp_forest,sheltered,FALSE,NA,Alan Friedlander,"Backbay, sheltered"
ARG_2018a_uvs_006,ARG_2018a,uvs,Tierra del Fuego,Isla de los Estados,Caletta Correa,2018-02-15,15:00:00,-54.79306,-63.91311,NA,kelp_forest,sheltered,FALSE,NA,Alan Friedlander,Non-dayton site
ARG_2018a_uvs_007,ARG_2018a,uvs,Tierra del Fuego,Isla de los Estados,Pta. Conway,2018-02-16,09:20:00,-54.73532,-64.22746,NA,kelp_forest,exposed,FALSE,NA,Alan Friedlander,"Pavement, sandy, with surge"
ARG_2018a_uvs_008,ARG_2018a,uvs,Tierra del Fuego,Isla de los Estados,Puerto Cook Inside,2018-02-16,16:20:00,-54.76057,-64.0286,NA,kelp_forest,sheltered,FALSE,NA,Alan Friedlander,"Inside bay, slope to sand at 50 ft"
ARG_2018a_uvs_009,ARG_2018a,uvs,Tierra del Fuego,Isla de los Estados,Puerto Cook Middle islet,2018-02-17,09:00:00,-54.75269,-64.02621,NA,kelp_forest,sheltered,FALSE,NA,Alan Friedlander,Inside islet
ARG_2018a_uvs_010,ARG_2018a,uvs,Tierra del Fuego,Isla de los Estados,Ite. Colnett,2018-02-18,09:00:00,-54.70732,-64.33367,NA,kelp_forest,exposed,FALSE,NA,Alan Friedlander,East side of cape
ARG_2018a_uvs_011,ARG_2018a,uvs,Tierra del Fuego,Isla de los Estados,Ite. Colnett,2018-02-18,15:45:00,-54.70979,-64.34583,NA,kelp_forest,exposed,FALSE,NA,Alan Friedlander,Westside of cape
ARG_2018a_uvs_012,ARG_2018a,uvs,Tierra del Fuego,Peninsula Mitre,Bahia Tethis,2018-02-19,10:00:00,-54.6253,-65.22694,NA,kelp_forest,exposed,FALSE,NA,Alan Friedlander,Extensive kelpbed offshore from cape san vincente
ARG_2018a_uvs_013,ARG_2018a,uvs,Tierra del Fuego,Peninsula Mitre,Bahia Tethis,2018-02-19,15:00:00,-54.62208,-65.22205,NA,kelp_forest,exposed,FALSE,NA,Alan Friedlander,"Extreme current 5+ knots, kelp flat on bottom, aborted 2nd transect, too dangerous"
ARG_2018a_uvs_014,ARG_2018a,uvs,Tierra del Fuego,Isla de los Estados,Bahia San Antonio,2018-02-20,08:50:00,-54.73991,-64.51731,NA,kelp_forest,exposed,FALSE,NA,Alan Friedlander,"Thick bed, semi-exposed, swell, se of cape, looked for jenn's lost fin"
ARG_2018a_uvs_015,ARG_2018a,uvs,Tierra del Fuego,Isla de los Estados,Bahia Crossley,2018-02-20,16:10:00,-54.7928,-64.6847,NA,kelp_forest,exposed,FALSE,NA,Alan Friedlander,"West exposure, swell, semi-protected, thick kelp bed, no understory algae"
ARG_2018a_uvs_016,ARG_2018a,uvs,Tierra del Fuego,Isla de los Estados,Bahia York,2018-02-22,15:00:00,-54.79604,-64.26859,NA,kelp_forest,sheltered,FALSE,NA,Alan Friedlander,"Sheltered inside bay, kelp w lessonia understory"
ARG_2018a_uvs_017,ARG_2018a,uvs,Tierra del Fuego,Peninsula Mitre,Bahia Valentin,2018-02-23,10:30:00,-54.90915,-65.49481,NA,kelp_forest,sheltered,FALSE,NA,Alan Friedlander,"Sheltered inside large bay, shallow w lots of individual kelp plants with sandy bottom interspersed"
ARG_2018a_uvs_018,ARG_2018a,uvs,Tierra del Fuego,Isla de los Estados,Bahia York,2018-02-24,09:40:00,-54.78656,-64.24171,NA,kelp_forest,sheltered,FALSE,NA,Alan Friedlander,Very protected backbay area
TRI_2017_uvs_001,TRI_2017,uvs,Tristan da Cunha,Tristan,NA,2017-01-16,NA,-37.06098,-12.30006,NA,kelp_forest,unknown,FALSE,NA,Jenn Caselle,NA
TRI_2017_uvs_002,TRI_2017,uvs,Tristan da Cunha,Tristan,NA,2017-01-17,NA,-37.07031,-12.24409,NA,kelp_forest,unknown,FALSE,NA,Jenn Caselle,NA
TRI_2017_uvs_003,TRI_2017,uvs,Tristan da Cunha,Tristan,NA,2017-01-17,NA,-37.11408,-12.21182,NA,kelp_forest,unknown,FALSE,NA,Jenn Caselle,NA
TRI_2017_uvs_004,TRI_2017,uvs,Tristan da Cunha,Tristan,NA,2017-01-18,NA,-37.09443,-12.34537,NA,kelp_forest,unknown,FALSE,NA,Jenn Caselle,NA
TRI_2017_uvs_005,TRI_2017,uvs,Tristan da Cunha,Tristan,NA,2017-01-18,NA,-37.07833,-12.33173,NA,kelp_forest,unknown,FALSE,NA,Jenn Caselle,NA
TRI_2017_uvs_006,TRI_2017,uvs,Tristan da Cunha,Tristan,NA,2017-01-18,NA,-37.06255,-12.31973,NA,kelp_forest,unknown,FALSE,NA,Jenn Caselle,NA
TRI_2017_uvs_007,TRI_2017,uvs,Tristan da Cunha,Nightingale,NA,2017-01-19,NA,-37.41524,-12.47443,NA,kelp_forest,unknown,FALSE,NA,Jenn Caselle,NA
TRI_2017_uvs_008,TRI_2017,uvs,Tristan da Cunha,Nightingale,NA,2017-01-19,NA,-37.41054,-12.47674,NA,kelp_forest,unknown,FALSE,NA,Jenn Caselle,NA
TRI_2017_uvs_009,TRI_2017,uvs,Tristan da Cunha,Gough,NA,2017-01-20,NA,-40.35841,-9.88118,NA,kelp_forest,unknown,FALSE,NA,Jenn Caselle,NA
TRI_2017_uvs_010,TRI_2017,uvs,Tristan da Cunha,Gough,NA,2017-01-20,NA,-40.34383,-9.87643,NA,kelp_forest,unknown,FALSE,NA,Jenn Caselle,NA
TRI_2017_uvs_011,TRI_2017,uvs,Tristan da Cunha,Gough,NA,2017-01-21,NA,-40.27567,-9.9283,NA,kelp_forest,unknown,FALSE,NA,Jenn Caselle,NA
TRI_2017_uvs_012,TRI_2017,uvs,Tristan da Cunha,Gough,NA,2017-01-21,NA,-40.32334,-9.89622,NA,kelp_forest,unknown,FALSE,NA,Jenn Caselle,NA
TRI_2017_uvs_013,TRI_2017,uvs,Tristan da Cunha,Gough,NA,2017-01-21,NA,-40.30132,-9.90301,NA,kelp_forest,unknown,FALSE,NA,Jenn Caselle,NA
TRI_2017_uvs_014,TRI_2017,uvs,Tristan da Cunha,Gough,NA,2017-01-22,NA,-40.28801,-9.91726,NA,kelp_forest,unknown,FALSE,NA,Jenn Caselle,NA
TRI_2017_uvs_015,TRI_2017,uvs,Tristan da Cunha,Gough,NA,2017-01-22,NA,-40.33376,-9.88175,NA,kelp_forest,unknown,FALSE,NA,Jenn Caselle,NA
TRI_2017_uvs_016,TRI_2017,uvs,Tristan da Cunha,Gough,NA,2017-01-22,NA,-40.31213,-9.90122,NA,kelp_forest,unknown,FALSE,NA,Jenn Caselle,NA
TRI_2017_uvs_017,TRI_2017,uvs,Tristan da Cunha,Gough,NA,2017-01-24,NA,-40.33827,-9.8777,NA,kelp_forest,unknown,FALSE,NA,Jenn Caselle,NA
TRI_2017_uvs_018,TRI_2017,uvs,Tristan da Cunha,Gough,NA,2017-01-24,NA,-40.32935,-9.88913,NA,kelp_forest,unknown,FALSE,NA,Jenn Caselle,NA
TRI_2017_uvs_019,TRI_2017,uvs,Tristan da Cunha,Tristan,NA,2017-01-26,NA,-37.16381,-12.31277,NA,kelp_forest,unknown,FALSE,NA,Jenn Caselle,NA
TRI_2017_uvs_020,TRI_2017,uvs,Tristan da Cunha,Tristan,NA,2017-01-26,NA,-37.16623,-12.2614,NA,kelp_forest,unknown,FALSE,NA,Jenn Caselle,NA
TRI_2017_uvs_021,TRI_2017,uvs,Tristan da Cunha,Inaccessible,NA,2017-01-27,NA,-37.29302,-12.64431,NA,kelp_forest,unknown,FALSE,NA,Jenn Caselle,NA
TRI_2017_uvs_022,TRI_2017,uvs,Tristan da Cunha,Inaccessible,NA,2017-01-27,NA,-37.30469,-12.64304,NA,kelp_forest,unknown,FALSE,NA,Jenn Caselle,NA
TRI_2017_uvs_023,TRI_2017,uvs,Tristan da Cunha,Inaccessible,NA,2017-01-27,NA,-37.32176,-12.68033,NA,kelp_forest,unknown,FALSE,NA,Jenn Caselle,NA
TRI_2017_uvs_024,TRI_2017,uvs,Tristan da Cunha,Inaccessible,NA,2017-01-27,NA,-37.31267,-12.66201,NA,kelp_forest,unknown,FALSE,NA,Jenn Caselle,NA
TRI_2017_uvs_025,TRI_2017,uvs,Tristan da Cunha,Inaccessible,NA,2017-01-28,NA,-37.28726,-12.69707,NA,kelp_forest,unknown,FALSE,NA,Jenn Caselle,NA
TRI_2017_uvs_026,TRI_2017,uvs,Tristan da Cunha,Inaccessible,NA,2017-01-28,NA,-37.28541,-12.6657,NA,kelp_forest,unknown,FALSE,NA,Jenn Caselle,NA
TRI_2017_uvs_027,TRI_2017,uvs,Tristan da Cunha,Inaccessible,NA,2017-01-28,NA,-37.28066,-12.67502,NA,kelp_forest,unknown,FALSE,NA,Jenn Caselle,NA
TRI_2017_uvs_028,TRI_2017,uvs,Tristan da Cunha,Nightingale,NA,2017-01-29,NA,-37.41821,-12.48476,NA,kelp_forest,unknown,FALSE,NA,Jenn Caselle,NA
TRI_2017_uvs_029,TRI_2017,uvs,Tristan da Cunha,Nightingale,NA,2017-01-29,NA,-37.42353,-12.47042,NA,kelp_forest,unknown,FALSE,NA,Jenn Caselle,NA
TRI_2017_uvs_030,TRI_2017,uvs,Tristan da Cunha,Nightingale,NA,2017-01-30,NA,-37.42658,-12.49464,NA,kelp_forest,unknown,FALSE,NA,Jenn Caselle,NA
TRI_2017_uvs_031,TRI_2017,uvs,Tristan da Cunha,Nightingale,NA,2017-01-30,NA,-37.43067,-12.48154,NA,kelp_forest,unknown,FALSE,NA,Jenn Caselle,NA
TRI_2017_uvs_032,TRI_2017,uvs,Tristan da Cunha,Nightingale,NA,2017-01-30,NA,-37.40182,-12.48907,NA,kelp_forest,unknown,FALSE,NA,Jenn Caselle,NA
TRI_2017_uvs_033,TRI_2017,uvs,Tristan da Cunha,Tristan,NA,2017-01-31,NA,-37.11646,-12.35598,NA,kelp_forest,unknown,FALSE,NA,Jenn Caselle,NA
TRI_2017_uvs_034,TRI_2017,uvs,Tristan da Cunha,Tristan,NA,2017-01-31,NA,-37.1347,-12.3504,NA,kelp_forest,unknown,FALSE,NA,Jenn Caselle,NA
COL_2018_uvs_001,COL_2018,uvs,Malpelo,Malpelo,El Arrecife,2018-04-25,08:30:00,4.00539,-81.60359,El Arrecife,rocky_reef,unknown,TRUE,SFF Malpelo,Alan Friedlander,NA
COL_2018_uvs_002,COL_2018,uvs,Malpelo,Malpelo,Pared del Naufrago,2018-04-25,10:30:00,4.00839,-81.60344,Pared del Naufrago,rocky_reef,unknown,TRUE,SFF Malpelo,Alan Friedlander,NA
COL_2018_uvs_004,COL_2018,uvs,Malpelo,Malpelo,La Catedral,2018-04-26,08:40:00,4.01289,-81.60655,La Catedral,rocky_reef,unknown,TRUE,SFF Malpelo,Alan Friedlander,NA
COL_2018_uvs_005,COL_2018,uvs,Malpelo,Malpelo,El Freezer,2018-04-26,11:00:00,4.00529,-81.60992,El Freezer,rocky_reef,unknown,TRUE,SFF Malpelo,Alan Friedlander,NA
COL_2018_uvs_006,COL_2018,uvs,Malpelo,Malpelo,La Nevera,2018-04-26,15:30:00,4.002,-81.613,La Nevera,rocky_reef,unknown,TRUE,SFF Malpelo,Alan Friedlander,NA
COL_2018_uvs_007,COL_2018,uvs,Malpelo,Malpelo,Bajo de Junior,2018-04-27,08:45:00,3.99757,-81.61115,Bajo de Junior,rocky_reef,unknown,TRUE,SFF Malpelo,Alan Friedlander,NA
COL_2018_uvs_008,COL_2018,uvs,Malpelo,Malpelo,Eagle Wall,2018-04-27,11:00:00,4.00011,-81.60645,Eagle Wall,rocky_reef,unknown,TRUE,SFF Malpelo,Alan Friedlander,NA
COL_2018_uvs_009,COL_2018,uvs,Malpelo,Malpelo,El Tangon,2018-04-27,16:00:00,4.0012,-81.60444,El Tangon,rocky_reef,unknown,TRUE,SFF Malpelo,Alan Friedlander,NA
COL_2018_uvs_010,COL_2018,uvs,Malpelo,Malpelo,La Gringa,2018-04-28,09:00:00,3.99828,-81.6116,La Gringa,rocky_reef,unknown,TRUE,SFF Malpelo,Alan Friedlander,NA
COL_2018_uvs_011,COL_2018,uvs,Malpelo,Malpelo,Bajo de Suani,2018-04-28,11:00:00,4.00874,-81.60476,Bajo de Suani,rocky_reef,unknown,TRUE,SFF Malpelo,Alan Friedlander,NA
COL_2018_uvs_003,COL_2018,uvs,Malpelo,Malpelo,La Nevera,2018-04-28,16:00:00,4.0082,-81.6033,La Nevera,rocky_reef,unknown,TRUE,SFF Malpelo,Alan Friedlander,NA
CHL_2017b_uvs_001,CHL_2017b,uvs,Juan Fernandez,Alejandro Selkirk,NA,2017-03-08,11:40:00,-33.75452,-80.76047,NA,rocky_reef,sheltered,FALSE,NA,Alan Friedlander,NA
CHL_2017b_uvs_002,CHL_2017b,uvs,Juan Fernandez,Alejandro Selkirk,NA,2017-03-08,16:15:00,-33.74212,-80.7666,NA,rocky_reef,sheltered,FALSE,NA,Alan Friedlander,NA
CHL_2017b_uvs_003,CHL_2017b,uvs,Juan Fernandez,Alejandro Selkirk,NA,2017-03-09,09:30:00,-33.76813,-80.75379,NA,rocky_reef,sheltered,FALSE,NA,Alan Friedlander,NA
CHL_2017b_uvs_004,CHL_2017b,uvs,Juan Fernandez,Alejandro Selkirk,NA,2017-03-09,11:35:00,-33.79052,-80.75286,NA,rocky_reef,sheltered,FALSE,NA,Alan Friedlander,NA
CHL_2017b_uvs_005,CHL_2017b,uvs,Juan Fernandez,Alejandro Selkirk,NA,2017-03-09,16:45:00,-33.72276,-80.77301,NA,rocky_reef,sheltered,FALSE,NA,Alan Friedlander,NA
CHL_2017b_uvs_006,CHL_2017b,uvs,Juan Fernandez,Alejandro Selkirk,NA,2017-03-10,09:50:00,-33.73623,-80.8292,NA,rocky_reef,exposed,FALSE,NA,Alan Friedlander,NA
CHL_2017b_uvs_007,CHL_2017b,uvs,Juan Fernandez,Alejandro Selkirk,NA,2017-03-10,12:15:00,-33.722,-80.81182,NA,rocky_reef,exposed,FALSE,NA,Alan Friedlander,NA
CHL_2017b_uvs_008,CHL_2017b,uvs,Juan Fernandez,Alejandro Selkirk,NA,2017-03-10,16:50:00,-33.71973,-80.79006,NA,rocky_reef,sheltered,FALSE,NA,Alan Friedlander,NA
CHL_2017b_uvs_009,CHL_2017b,uvs,Juan Fernandez,Alejandro Selkirk,NA,2017-03-11,12:15:00,-33.74819,-80.84292,NA,rocky_reef,exposed,FALSE,NA,Alan Friedlander,NA
CHL_2017b_uvs_010,CHL_2017b,uvs,Juan Fernandez,Alejandro Selkirk,NA,2017-03-11,16:50:00,-33.72723,-80.8214,NA,rocky_reef,sheltered,FALSE,NA,Alan Friedlander,NA
CHL_2017b_uvs_011,CHL_2017b,uvs,Juan Fernandez,Alejandro Selkirk,NA,2017-03-12,08:45:00,-33.77573,-80.83311,NA,rocky_reef,exposed,FALSE,NA,Alan Friedlander,NA
CHL_2017b_uvs_012,CHL_2017b,uvs,Juan Fernandez,Alejandro Selkirk,NA,2017-03-12,10:50:00,-33.76579,-80.83581,NA,rocky_reef,exposed,FALSE,NA,Alan Friedlander,NA
CHL_2017b_uvs_013,CHL_2017b,uvs,Juan Fernandez,Alejandro Selkirk,NA,2017-03-12,16:15:00,-33.79094,-80.82006,NA,rocky_reef,exposed,FALSE,NA,Alan Friedlander,NA
CHL_2017b_uvs_014,CHL_2017b,uvs,Juan Fernandez,Alejandro Selkirk,NA,2017-03-13,08:40:00,-33.7234,-80.76883,NA,rocky_reef,sheltered,FALSE,NA,Alan Friedlander,NA
CHL_2017b_uvs_015,CHL_2017b,uvs,Juan Fernandez,Alejandro Selkirk,NA,2017-03-13,10:45:00,-33.71869,-80.79599,NA,rocky_reef,sheltered,FALSE,NA,Alan Friedlander,NA
CHL_2017b_uvs_016,CHL_2017b,uvs,Juan Fernandez,Alejandro Selkirk,NA,2017-03-13,16:00:00,-33.73262,-80.76862,NA,rocky_reef,sheltered,FALSE,NA,Alan Friedlander,NA
CHL_2017b_uvs_017,CHL_2017b,uvs,Juan Fernandez,Robinson Crusoe,NA,2017-03-15,09:00:00,-33.64082,-78.81885,NA,rocky_reef,sheltered,TRUE,El Palillo MPA,Alan Friedlander,NA
CHL_2017b_uvs_018,CHL_2017b,uvs,Juan Fernandez,Robinson Crusoe,NA,2017-03-15,11:50:00,-33.64015,-78.82134,NA,rocky_reef,sheltered,TRUE,El Palillo MPA,Alan Friedlander,NA
CHL_2017b_uvs_019,CHL_2017b,uvs,Juan Fernandez,Robinson Crusoe,NA,2017-03-15,14:30:00,-33.63965,-78.8148,NA,rocky_reef,sheltered,FALSE,NA,Alan Friedlander,NA
CHL_2017b_uvs_020,CHL_2017b,uvs,Juan Fernandez,Robinson Crusoe,NA,2017-03-16,09:30:00,-33.63871,-78.80367,NA,rocky_reef,sheltered,FALSE,NA,Alan Friedlander,NA
CHL_2017b_uvs_021,CHL_2017b,uvs,Juan Fernandez,Robinson Crusoe,NA,2017-03-16,11:30:00,-33.65635,-78.7766,NA,rocky_reef,exposed,FALSE,NA,Alan Friedlander,NA
CHL_2017b_uvs_022,CHL_2017b,uvs,Juan Fernandez,Robinson Crusoe,NA,2017-03-16,17:00:00,-33.63534,-78.89373,NA,rocky_reef,sheltered,FALSE,NA,Alan Friedlander,NA
CHL_2017b_uvs_023,CHL_2017b,uvs,Juan Fernandez,Robinson Crusoe,NA,2017-03-17,10:10:00,-33.6587,-78.89365,NA,rocky_reef,exposed,TRUE,Tierra Blanca MPA,Alan Friedlander,NA
CHL_2017b_uvs_024,CHL_2017b,uvs,Juan Fernandez,Robinson Crusoe,NA,2017-03-17,12:00:00,-33.66055,-78.90377,NA,rocky_reef,exposed,TRUE,Tierra Blanca MPA,Alan Friedlander,NA
CHL_2017b_uvs_025,CHL_2017b,uvs,Juan Fernandez,Robinson Crusoe,NA,2017-03-17,16:50:00,-33.61719,-78.88744,NA,rocky_reef,sheltered,FALSE,NA,Alan Friedlander,NA
CHL_2017b_uvs_026,CHL_2017b,uvs,Juan Fernandez,Robinson Crusoe,NA,2017-03-18,10:00:00,-33.68153,-78.93591,NA,rocky_reef,exposed,TRUE,NA,Alan Friedlander,NA
CHL_2017b_uvs_027,CHL_2017b,uvs,Juan Fernandez,Robinson Crusoe,NA,2017-03-18,12:00:00,-33.70029,-78.93929,NA,rocky_reef,sheltered,FALSE,NA,Alan Friedlander,NA
CHL_2017b_uvs_028,CHL_2017b,uvs,Juan Fernandez,Robinson Crusoe,NA,2017-03-18,16:30:00,-33.62381,-78.83978,NA,rocky_reef,sheltered,FALSE,NA,Alan Friedlander,NA
CHL_2017b_uvs_029,CHL_2017b,uvs,Juan Fernandez,Robinson Crusoe,NA,2017-03-19,10:10:00,-33.67257,-78.92418,NA,rocky_reef,exposed,TRUE,NA,Alan Friedlander,NA
CHL_2017b_uvs_030,CHL_2017b,uvs,Juan Fernandez,Robinson Crusoe,NA,2017-03-19,12:40:00,-33.67255,-78.94115,NA,rocky_reef,sheltered,FALSE,NA,Alan Friedlander,NA
CHL_2017b_uvs_031,CHL_2017b,uvs,Juan Fernandez,Robinson Crusoe,NA,2017-03-19,17:15:00,-33.64401,-78.92418,NA,rocky_reef,sheltered,FALSE,NA,Alan Friedlander,NA
CHL_2017a_uvs_001,CHL_2017a,uvs,Is. Carlos III,Canal Barbara,NA,2017-02-01,12:20:00,-53.86423,-72.18653,NA,kelp_forest,unknown,FALSE,NA,Alan Friedlander,NA
CHL_2017a_uvs_002,CHL_2017a,uvs,Is. Carlos III,Canal Barbara,NA,2017-02-01,16:40:00,-53.85126,-72.21865,NA,kelp_forest,unknown,FALSE,NA,Alan Friedlander,NA
CHL_2017a_uvs_003,CHL_2017a,uvs,Cape Horn,Isla Hornos,NA,2017-02-04,09:00:00,-55.96066,-67.22369,NA,kelp_forest,unknown,FALSE,NA,Alan Friedlander,NA
CHL_2017a_uvs_004,CHL_2017a,uvs,Cape Horn,Isla Hornos,NA,2017-02-04,14:40:00,-55.96479,-67.21429,NA,kelp_forest,unknown,FALSE,NA,Alan Friedlander,NA
CHL_2017a_uvs_005,CHL_2017a,uvs,Diego Ramirez,Diego Ramirez,NA,2017-02-05,10:00:00,-56.5079,-68.72012,NA,kelp_forest,unknown,FALSE,NA,Alan Friedlander,NA
CHL_2017a_uvs_006,CHL_2017a,uvs,Diego Ramirez,Diego Ramirez,NA,2017-02-05,15:00:00,-56.5195,-68.70136,NA,kelp_forest,unknown,FALSE,NA,Alan Friedlander,NA
CHL_2017a_uvs_007,CHL_2017a,uvs,Diego Ramirez,Diego Ramirez,NA,2017-02-06,09:30:00,-56.51716,-68.71955,NA,kelp_forest,unknown,FALSE,NA,Alan Friedlander,NA
CHL_2017a_uvs_008,CHL_2017a,uvs,Diego Ramirez,Diego Ramirez,NA,2017-02-06,15:00:00,-56.52198,-68.70216,NA,kelp_forest,unknown,FALSE,NA,Alan Friedlander,NA
CHL_2017a_uvs_009,CHL_2017a,uvs,Cape Horn,Isla Herschel,NA,2017-02-07,09:00:00,-55.81209,-67.28489,NA,kelp_forest,unknown,FALSE,NA,Alan Friedlander,NA
CHL_2017a_uvs_010,CHL_2017a,uvs,Cape Horn,Isla Herschel,NA,2017-02-07,15:00:00,-55.82639,-67.27045,NA,kelp_forest,unknown,FALSE,NA,Alan Friedlander,NA
CHL_2017a_uvs_011,CHL_2017a,uvs,Cape Horn,Isla Hermite,NA,2017-02-08,08:45:00,-55.81012,-67.51534,NA,kelp_forest,unknown,FALSE,NA,Alan Friedlander,NA
CHL_2017a_uvs_012,CHL_2017a,uvs,Cape Horn,Isla Hermite,NA,2017-02-08,15:30:00,-55.83443,-67.5218,NA,kelp_forest,unknown,FALSE,NA,Alan Friedlander,NA
CHL_2017a_uvs_013,CHL_2017a,uvs,Cape Horn,Isla Wollaston,NA,2017-02-09,08:45:00,-55.7586,-67.48488,NA,kelp_forest,sheltered,FALSE,NA,Alan Friedlander,NA
CHL_2017a_uvs_014,CHL_2017a,uvs,Cape Horn,Isla Wollaston,NA,2017-02-09,15:20:00,-55.7504,-67.47913,NA,kelp_forest,sheltered,FALSE,NA,Alan Friedlander,NA
CHL_2017a_uvs_015,CHL_2017a,uvs,Cape Horn,Isla Wollaston,NA,2017-02-10,09:00:00,-55.75012,-67.50832,NA,kelp_forest,unknown,FALSE,NA,Alan Friedlander,NA
CHL_2017a_uvs_016,CHL_2017a,uvs,Cape Horn,Isla Wollaston,NA,2017-02-10,15:30:00,-55.59039,-67.52548,NA,kelp_forest,sheltered,FALSE,NA,Alan Friedlander,NA
CHL_2017a_uvs_017,CHL_2017a,uvs,Cape Horn,Isla Wollaston,NA,2017-02-11,09:20:00,-55.6251,-67.48141,NA,kelp_forest,sheltered,FALSE,NA,Alan Friedlander,NA
CHL_2017a_uvs_018,CHL_2017a,uvs,Cape Horn,Isla Grevy,NA,2017-02-11,15:40:00,-55.52999,-67.60627,NA,kelp_forest,unknown,FALSE,NA,Alan Friedlander,NA
MEX_2016_uvs_001,MEX_2016,uvs,Revillagigedo,Socorro,NA,2016-03-30,08:45:00,18.77865,-110.90981,NA,wall,unknown,TRUE,Revillagigedo - Zona Nucleo,Alan Friedlander,NA
MEX_2016_uvs_002,MEX_2016,uvs,Revillagigedo,Socorro,NA,2016-03-30,11:40:00,18.75492,-110.91424,NA,rocky_reef,unknown,TRUE,Revillagigedo - Zona Nucleo,Alan Friedlander,NA
MEX_2016_uvs_003,MEX_2016,uvs,Revillagigedo,Socorro,NA,2016-03-30,16:10:00,18.7996,-110.9158,NA,wall,unknown,TRUE,Revillagigedo - Zona Nucleo,Alan Friedlander,NA
MEX_2016_uvs_004,MEX_2016,uvs,Revillagigedo,Socorro,NA,2016-03-31,09:10:00,18.84204,-110.94576,NA,rocky_reef,unknown,TRUE,Revillagigedo - Zona Nucleo,Alan Friedlander,NA
MEX_2016_uvs_005,MEX_2016,uvs,Revillagigedo,Socorro,NA,2016-03-31,11:10:00,18.81913,-110.93303,NA,rocky_reef,unknown,TRUE,Revillagigedo - Zona Nucleo,Alan Friedlander,NA
MEX_2016_uvs_006,MEX_2016,uvs,Revillagigedo,Socorro,NA,2016-04-01,09:00:00,18.78367,-111.04778,NA,rocky_reef,unknown,TRUE,Revillagigedo - Zona Nucleo,Alan Friedlander,NA
MEX_2016_uvs_007,MEX_2016,uvs,Revillagigedo,Socorro,NA,2016-04-01,11:10:00,18.76801,-111.0237,NA,rocky_reef,unknown,TRUE,Revillagigedo - Zona Nucleo,Alan Friedlander,NA
MEX_2016_uvs_008,MEX_2016,uvs,Revillagigedo,Socorro,NA,2016-04-01,15:00:00,18.80019,-111.04505,NA,wall,unknown,TRUE,Revillagigedo - Zona Nucleo,Alan Friedlander,NA
MEX_2016_uvs_009,MEX_2016,uvs,Revillagigedo,Socorro,NA,2016-04-02,08:30:00,18.73403,-110.96423,NA,wall,unknown,TRUE,Revillagigedo - Zona Nucleo,Alan Friedlander,NA
MEX_2016_uvs_010,MEX_2016,uvs,Revillagigedo,Socorro,NA,2016-04-02,10:30:00,18.73409,-110.91882,NA,rocky_reef,unknown,TRUE,Revillagigedo - Zona Nucleo,Alan Friedlander,NA
MEX_2016_uvs_NA,MEX_2016,uvs,Revillagigedo,Socorro,NA,2016-04-03,09:00:00,18.77826,-110.90663,NA,rocky_reef,unknown,TRUE,Revillagigedo - Zona Nucleo,Alan Friedlander,NA
MEX_2016_uvs_011,MEX_2016,uvs,Revillagigedo,Roca partida,NA,2016-04-04,09:30:00,18.99268,-112.08426,NA,wall,unknown,TRUE,Revillagigedo - Zona Nucleo,Alan Friedlander,NA
MEX_2016_uvs_012,MEX_2016,uvs,Revillagigedo,Roca partida,NA,2016-04-04,15:00:00,18.993,-112.082,NA,wall,unknown,TRUE,Revillagigedo - Zona Nucleo,Alan Friedlander,NA
MEX_2016_uvs_013,MEX_2016,uvs,Revillagigedo,San Benedicto,NA,2016-04-06,09:20:00,19.32914,-110.81417,NA,wall,unknown,TRUE,Revillagigedo - Zona Nucleo,Alan Friedlander,NA
MEX_2016_uvs_014,MEX_2016,uvs,Revillagigedo,San Benedicto,NA,2016-04-07,08:40:00,19.33404,-110.79375,NA,rocky_reef,unknown,TRUE,Revillagigedo - Zona Nucleo,Alan Friedlander,NA
MEX_2016_uvs_015,MEX_2016,uvs,Revillagigedo,San Benedicto,NA,2016-04-07,11:00:00,19.32144,-110.79047,NA,rocky_reef,unknown,TRUE,Revillagigedo - Zona Nucleo,Alan Friedlander,NA
MEX_2016_uvs_016,MEX_2016,uvs,Revillagigedo,San Benedicto,NA,2016-04-07,14:55:00,19.30384,-110.7951,NA,rocky_reef,unknown,TRUE,Revillagigedo - Zona Nucleo,Alan Friedlander,NA
MEX_2016_uvs_017,MEX_2016,uvs,Revillagigedo,San Benedicto,NA,2016-04-08,09:15:00,19.33364,-110.80291,NA,wall,unknown,TRUE,Revillagigedo - Zona Nucleo,Alan Friedlander,NA
MEX_2016_uvs_018,MEX_2016,uvs,Revillagigedo,San Benedicto,NA,2016-04-08,11:20:00,19.3176,-110.81406,NA,rocky_reef,unknown,TRUE,Revillagigedo - Zona Nucleo,Alan Friedlander,NA
MEX_2016_uvs_019,MEX_2016,uvs,Revillagigedo,San Benedicto,NA,2016-04-09,09:15:00,19.3096,-110.8192,NA,rocky_reef,unknown,TRUE,Revillagigedo - Zona Nucleo,Alan Friedlander,NA
MEX_2016_uvs_020,MEX_2016,uvs,Revillagigedo,San Benedicto,NA,2016-04-09,11:30:00,19.29609,-110.8148,NA,rocky_reef,unknown,TRUE,Revillagigedo - Zona Nucleo,Alan Friedlander,NA
MEX_2016_uvs_021,MEX_2016,uvs,Revillagigedo,San Benedicto,NA,2016-04-09,15:30:00,19.2979,-110.8038,NA,rocky_reef,unknown,TRUE,Revillagigedo - Zona Nucleo,Alan Friedlander,NA
MEX_2016_uvs_022,MEX_2016,uvs,Revillagigedo,San Benedicto,NA,2016-04-10,09:50:00,19.31414,-110.81709,NA,rocky_reef,unknown,TRUE,Revillagigedo - Zona Nucleo,Alan Friedlander,NA
MEX_2016_uvs_023,MEX_2016,uvs,Revillagigedo,San Benedicto,NA,2016-04-10,11:20:00,19.298,-110.8038,NA,rocky_reef,unknown,TRUE,Revillagigedo - Zona Nucleo,Alan Friedlander,NA
MEX_2016_uvs_024,MEX_2016,uvs,Revillagigedo,San Benedicto,NA,2016-04-10,15:30:00,19.299,-110.8038,NA,rocky_reef,unknown,TRUE,Revillagigedo - Zona Nucleo,Alan Friedlander,NA
MEX_2016_uvs_025,MEX_2016,uvs,Revillagigedo,San Benedicto,NA,2016-04-11,09:06:00,19.32733,-110.792,NA,rocky_reef,unknown,TRUE,Revillagigedo - Zona Nucleo,Alan Friedlander,NA
MEX_2016_uvs_026,MEX_2016,uvs,Revillagigedo,San Benedicto,NA,2016-04-11,11:05:00,19.31731,-110.79423,NA,rocky_reef,unknown,TRUE,Revillagigedo - Zona Nucleo,Alan Friedlander,NA
MEX_2016_uvs_027,MEX_2016,uvs,Revillagigedo,San Benedicto,NA,2016-04-11,16:00:00,19.3294,-110.81417,NA,rocky_reef,unknown,TRUE,Revillagigedo - Zona Nucleo,Alan Friedlander,NA
MDV_2023_uvs_001,MDV_2023,uvs,Huvadhu,Huvadhu,Kooddoo,2023-02-27,14:30:00,0.7257,73.43053,NA,fringing_reef,lagoon,FALSE,NA,Alan Friedlander,NA
MDV_2023_uvs_002,MDV_2023,uvs,Huvadhu,Huvadhu,Nilandhoo,2023-02-28,09:10:00,0.6443,73.429,NA,fringing_reef,lagoon,FALSE,NA,Alan Friedlander,NA
MDV_2023_uvs_003,MDV_2023,uvs,Huvadhu,Huvadhu,Doragallah Thila,2023-02-28,11:05:00,0.61111,73.44056,NA,patch_reef,lagoon,FALSE,NA,Alan Friedlander,NA
MDV_2023_uvs_004,MDV_2023,uvs,Huvadhu,Huvadhu,Dhaandhoo,2023-02-28,15:05:00,0.62504,73.46767,NA,fore_reef,unknown,FALSE,NA,Alan Friedlander,NA
MDV_2023_uvs_005,MDV_2023,uvs,Huvadhu,Huvadhu,Beyrumaudoo,2023-03-01,09:30:00,0.79112,73.22093,NA,fore_reef,unknown,FALSE,NA,Alan Friedlander,NA
MDV_2023_uvs_006,MDV_2023,uvs,Huvadhu,Huvadhu,Beyrumaudoo Dhigurarufalhu,2023-03-01,11:00:00,0.74926,73.25139,NA,fore_reef,unknown,FALSE,NA,Alan Friedlander,NA
MDV_2023_uvs_007,MDV_2023,uvs,Huvadhu,Huvadhu,Fulan'gi,2023-03-01,16:00:00,0.69196,73.19858,NA,fore_reef,unknown,FALSE,NA,Alan Friedlander,NA
MDV_2023_uvs_008,MDV_2023,uvs,Huvadhu,Huvadhu,Kaadedhdhoo,2023-03-02,09:15:00,0.49614,72.9847,NA,fore_reef,unknown,FALSE,NA,Alan Friedlander,NA
MDV_2023_uvs_009,MDV_2023,uvs,Huvadhu,Huvadhu,Madaveli,2023-03-02,11:00:00,0.45785,72.99294,NA,fore_reef,unknown,FALSE,NA,Alan Friedlander,NA
MDV_2023_uvs_010,MDV_2023,uvs,Huvadhu,Huvadhu,Hulhedhdhoo,2023-03-02,15:15:00,0.40306,73.00076,NA,fore_reef,unknown,FALSE,NA,Alan Friedlander,NA
MDV_2023_uvs_011,MDV_2023,uvs,Huvadhu,Huvadhu,Nadella,2023-03-03,09:30:00,0.28656,73.04086,NA,fore_reef,unknown,FALSE,NA,Alan Friedlander,NA
MDV_2023_uvs_012,MDV_2023,uvs,Huvadhu,Huvadhu,Aakiraahuttaa,2023-03-03,11:15:00,0.26094,73.08725,NA,fore_reef,unknown,FALSE,NA,Alan Friedlander,NA
MDV_2023_uvs_013,MDV_2023,uvs,Huvadhu,Huvadhu,Fiyoree,2023-03-03,16:00:00,0.21525,73.13367,NA,fore_reef,unknown,FALSE,NA,Alan Friedlander,NA
MDV_2023_uvs_014,MDV_2023,uvs,Huvadhu,Huvadhu,Gemanafushi,2023-03-04,08:15:00,0.44906,73.57446,NA,fore_reef,unknown,FALSE,NA,Alan Friedlander,NA
MDV_2023_uvs_015,MDV_2023,uvs,Huvadhu,Huvadhu,Dhiyadhoo,2023-03-04,11:00:00,0.47947,73.52757,NA,fringing_reef,lagoon,FALSE,NA,Alan Friedlander,NA
MDV_2023_uvs_016,MDV_2023,uvs,Huvadhu,Huvadhu,Keyolhu faru,2023-03-04,15:00:00,0.44765,73.50003,NA,patch_reef,lagoon,FALSE,NA,Alan Friedlander,NA
MDV_2023_uvs_017,MDV_2023,uvs,Huvadhu,Huvadhu,Jazeera,2023-03-05,08:30:00,0.26119,73.39143,NA,fore_reef,unknown,FALSE,NA,Alan Friedlander,NA
MDV_2023_uvs_018,MDV_2023,uvs,Huvadhu,Huvadhu,Gan,2023-03-05,11:00:00,0.26392,73.42148,NA,fringing_reef,lagoon,FALSE,NA,Alan Friedlander,NA
MDV_2023_uvs_019,MDV_2023,uvs,Huvadhu,Huvadhu,Jazeer Thila,2023-03-05,15:30:00,0.29643,73.38093,NA,patch_reef,lagoon,FALSE,NA,Alan Friedlander,NA
MDV_2023_uvs_020,MDV_2023,uvs,Fuvahmulah,Fuvahmulah,Fuvahmulah,2023-03-06,08:30:00,-0.28765,73.4253,NA,fore_reef,unknown,FALSE,NA,Alan Friedlander,NA
MDV_2023_uvs_021,MDV_2023,uvs,Fuvahmulah,Fuvahmulah,Fuvahmulah,2023-03-06,10:45:00,-0.2757,73.4169,NA,fore_reef,unknown,FALSE,NA,Alan Friedlander,NA
MDV_2023_uvs_022,MDV_2023,uvs,Fuvahmulah,Fuvahmulah,Fuvahmulah,2023-03-06,15:00:00,-0.28259,73.40915,NA,fore_reef,unknown,FALSE,NA,Alan Friedlander,NA
MDV_2023_uvs_023,MDV_2023,uvs,Fuvahmulah,Fuvahmulah,Fuvahmulah,2023-03-07,08:40:00,-0.29168,73.40954,NA,fore_reef,unknown,FALSE,NA,Alan Friedlander,NA
MDV_2023_uvs_024,MDV_2023,uvs,Fuvahmulah,Fuvahmulah,Fuvahmulah,2023-03-07,10:15:00,-0.29858,73.41964,NA,fore_reef,unknown,FALSE,NA,Alan Friedlander,NA
MDV_2023_uvs_025,MDV_2023,uvs,Fuvahmulah,Fuvahmulah,Fuvahmulah,2023-03-07,15:15:00,-0.31081,73.4269,NA,fore_reef,unknown,FALSE,NA,Alan Friedlander,NA
MDV_2023_uvs_026,MDV_2023,uvs,Fuvahmulah,Fuvahmulah,Fuvahmulah,2023-03-08,08:30:00,-0.31955,73.43086,NA,fore_reef,unknown,FALSE,NA,Alan Friedlander,NA
MDV_2023_uvs_027,MDV_2023,uvs,Fuvahmulah,Fuvahmulah,Fuvahmulah,2023-03-08,10:30:00,-0.29766,73.43465,NA,fore_reef,unknown,FALSE,NA,Alan Friedlander,NA
MDV_2023_uvs_028,MDV_2023,uvs,Addu,Addu,Villingili,2023-03-09,08:30:00,-0.6751,73.18986,NA,fringing_reef,lagoon,FALSE,NA,Alan Friedlander,NA
MDV_2023_uvs_029,MDV_2023,uvs,Addu,Addu,Gan,2023-03-09,10:30:00,-0.68774,73.15243,NA,fringing_reef,lagoon,FALSE,NA,Alan Friedlander,NA
MDV_2023_uvs_030,MDV_2023,uvs,Addu,Addu,Gan,2023-03-09,15:15:00,-0.70736,73.16473,NA,fore_reef,unknown,FALSE,NA,Alan Friedlander,NA
MDV_2023_uvs_031,MDV_2023,uvs,Addu,Addu,Hankede,2023-03-10,09:10:00,-0.65822,73.10629,NA,fore_reef,unknown,FALSE,NA,Alan Friedlander,NA
MDV_2023_uvs_032,MDV_2023,uvs,Addu,Addu,Feydhoo,2023-03-10,11:15:00,-0.69177,73.12916,NA,fore_reef,unknown,FALSE,NA,Alan Friedlander,NA
MDV_2023_uvs_033,MDV_2023,uvs,Addu,Addu,Medhugaa,2023-03-10,15:30:00,-0.64633,73.17524,NA,patch_reef,lagoon,FALSE,NA,Alan Friedlander,NA
MDV_2023_uvs_034,MDV_2023,uvs,Addu,Addu,Kedevaahera,2023-03-11,08:30:00,-0.57859,73.19883,NA,fore_reef,unknown,FALSE,NA,Alan Friedlander,NA
MDV_2023_uvs_035,MDV_2023,uvs,Addu,Addu,Boduheragandu,2023-03-11,10:50:00,-0.5917,73.18105,NA,fore_reef,unknown,FALSE,NA,Alan Friedlander,NA
MDV_2023_uvs_036,MDV_2023,uvs,Addu,Addu,Kandihera,2023-03-11,15:20:00,-0.618,73.14453,NA,fringing_reef,lagoon,FALSE,NA,Alan Friedlander,NA
MDV_2023_uvs_037,MDV_2023,uvs,Addu,Addu,Maahera Gast,2023-03-12,09:15:00,-0.60234,73.10583,NA,fore_reef,unknown,FALSE,NA,Alan Friedlander,NA
MDV_2023_uvs_038,MDV_2023,uvs,Addu,Addu,Kudakan'di Heragan'da,2023-03-12,11:30:00,-0.61154,73.12635,NA,fore_reef,unknown,FALSE,NA,Alan Friedlander,NA
MDV_2023_uvs_039,MDV_2023,uvs,Addu,Addu,Aboohera,2023-03-12,15:30:00,-0.64107,73.11218,NA,fringing_reef,lagoon,FALSE,NA,Alan Friedlander,NA
MDV_2023_uvs_040,MDV_2023,uvs,Addu,Addu,Hulhumeedhoo,2023-03-13,08:00:00,-0.59885,73.2338,NA,fore_reef,unknown,FALSE,NA,Alan Friedlander,NA
MDV_2023_uvs_041,MDV_2023,uvs,Addu,Addu,Herathera,2023-03-13,10:15:00,-0.61576,73.22786,NA,fore_reef,unknown,FALSE,NA,Alan Friedlander,NA
MDV_2023_uvs_042,MDV_2023,uvs,Addu,Addu,Herathera Dhekunu faru,2023-03-13,14:40:00,-0.63382,73.22784,NA,fore_reef,unknown,FALSE,NA,Alan Friedlander,NA
MDV_2023_uvs_043,MDV_2023,uvs,Addu,Addu,Mulikede1,2023-03-14,08:00:00,-0.64845,73.22411,NA,fore_reef,unknown,FALSE,NA,Alan Friedlander,NA
MDV_2023_uvs_044,MDV_2023,uvs,Addu,Addu,Mulikede2,2023-03-14,11:00:00,-0.66048,73.20437,NA,fringing_reef,lagoon,FALSE,NA,Alan Friedlander,NA
MDV_2023_uvs_045,MDV_2023,uvs,Addu,Addu,Herathere,2023-03-14,14:30:00,-0.64008,73.21313,NA,patch_reef,lagoon,FALSE,NA,Alan Friedlander,NA
MDV_2023_uvs_046,MDV_2023,uvs,Addu,Addu,Hithadhoo middle,2023-03-15,08:20:00,-0.60199,73.07807,NA,fore_reef,unknown,FALSE,NA,Alan Friedlander,NA
MDV_2023_uvs_047,MDV_2023,uvs,Addu,Addu,Hithadhoo north,2023-03-15,10:45:00,-0.595,73.07616,NA,fore_reef,unknown,FALSE,NA,Alan Friedlander,NA
MDV_2023_uvs_048,MDV_2023,uvs,Addu,Addu,Hithadhoo south,2023-03-15,14:40:00,-0.61504,73.08481,NA,fore_reef,unknown,FALSE,NA,Alan Friedlander,NA
MDV_2023_uvs_049,MDV_2023,uvs,Huvadhu,Huvadhu,Vodamulla,2023-03-16,08:15:00,0.61205,73.48415,NA,fore_reef,unknown,FALSE,NA,Alan Friedlander,NA
MDV_2023_uvs_050,MDV_2023,uvs,Huvadhu,Huvadhu,Mahahdhoo,2023-03-16,10:30:00,0.59337,73.51102,NA,fore_reef,unknown,FALSE,NA,Alan Friedlander,NA
MDV_2023_uvs_051,MDV_2023,uvs,Huvadhu,Huvadhu,Baavanadhoo,2023-03-16,15:10:00,0.50486,73.55329,NA,fore_reef,unknown,FALSE,NA,Alan Friedlander,NA
MDV_2023_uvs_052,MDV_2023,uvs,Huvadhu,Huvadhu,Maanagalaa,2023-03-17,08:15:00,0.88789,73.33152,NA,fringing_reef,lagoon,FALSE,NA,Alan Friedlander,NA
MDV_2023_uvs_053,MDV_2023,uvs,Huvadhu,Huvadhu,Dhigufaru,2023-03-17,11:10:00,0.91146,73.31219,NA,fore_reef,unknown,FALSE,NA,Alan Friedlander,NA
PNG_2024_uvs_001,PNG_2024,uvs,Murat,Mussau,Lolieng,2024-07-28,11:50:00,-1.45108,149.54375,NA,fore_reef,leeward,FALSE,NA,Alan Friedlander,NA
PNG_2024_uvs_002,PNG_2024,uvs,Murat,Mussau,Lolieng,2024-07-28,15:25:00,-1.45828,149.5487,NA,fore_reef,leeward,FALSE,NA,Alan Friedlander,NA
PNG_2024_uvs_003,PNG_2024,uvs,Murat,Mussau,Tasitel,2024-07-29,10:50:00,-1.40639,149.69259,NA,fore_reef,windward,FALSE,NA,Alan Friedlander,NA
PNG_2024_uvs_004,PNG_2024,uvs,Murat,Mussau,Tasitel,2024-07-29,14:10:00,-1.45353,149.71401,NA,fore_reef,windward,FALSE,NA,Alan Friedlander,NA
PNG_2024_uvs_005,PNG_2024,uvs,Murat,Mussau,Taitoana,2024-07-30,08:45:00,-1.55648,149.69136,NA,fore_reef,windward,FALSE,NA,Alan Friedlander,NA
PNG_2024_uvs_006,PNG_2024,uvs,Murat,Mussau,Eavolo,2024-07-30,11:15:00,-1.56078,149.65454,NA,fore_reef,leeward,FALSE,NA,Alan Friedlander,NA
PNG_2024_uvs_007,PNG_2024,uvs,Murat,Mussau,Emusau,2024-07-30,15:30:00,-1.55845,149.66392,NA,fore_reef,leeward,FALSE,NA,Alan Friedlander,NA
PNG_2024_uvs_008,PNG_2024,uvs,Murat,Mussau,Emananus,2024-07-31,09:00:00,-1.56209,149.56106,NA,fore_reef,leeward,FALSE,NA,Alan Friedlander,NA
PNG_2024_uvs_009,PNG_2024,uvs,Murat,Mussau,Emananus,2024-07-31,11:30:00,-1.57541,149.56628,NA,fore_reef,leeward,FALSE,NA,Alan Friedlander,NA
PNG_2024_uvs_010,PNG_2024,uvs,Murat,Mussau,Emananus,2024-07-31,15:30:00,-1.55652,149.5656,NA,fore_reef,leeward,FALSE,NA,Alan Friedlander,NA
PNG_2024_uvs_011,PNG_2024,uvs,Murat,Mussau,Lolieng,2024-08-01,08:30:00,-1.41957,149.50478,NA,fore_reef,leeward,TRUE,Seasonal closure. Grouper spawning ground,Alan Friedlander,NA
PNG_2024_uvs_012,PNG_2024,uvs,Murat,Mussau,Eloaua,2024-08-02,08:45:00,-1.58573,149.66441,NA,fore_reef,leeward,FALSE,NA,Alan Friedlander,NA
PNG_2024_uvs_013,PNG_2024,uvs,Murat,Mussau,Eloaua,2024-08-02,12:00:00,-1.56754,149.65422,NA,fore_reef,leeward,FALSE,NA,Alan Friedlander,NA
PNG_2024_uvs_014,PNG_2024,uvs,Murat,Emirau,Anusau,2024-08-04,09:00:00,-1.67557,149.89626,NA,fore_reef,leeward,TRUE,Tambu for 5 years now,Alan Friedlander,NA
PNG_2024_uvs_015,PNG_2024,uvs,Murat,Emirau,Anusau,2024-08-04,11:20:00,-1.68766,149.90292,NA,fore_reef,leeward,TRUE,Tambu for 5 years now,Alan Friedlander,NA
PNG_2024_uvs_016,PNG_2024,uvs,Murat,Emirau,Tamate,2024-08-04,15:30:00,-1.6536,149.93117,NA,fore_reef,leeward,FALSE,NA,Alan Friedlander,NA
PNG_2024_uvs_017,PNG_2024,uvs,Murat,Emirau,Emirau Patch,2024-08-05,08:45:00,-1.6553,150.02753,NA,fore_reef,windward,FALSE,NA,Alan Friedlander,NA
PNG_2024_uvs_018,PNG_2024,uvs,Murat,Emirau,Tasagina,2024-08-05,11:15:00,-1.67759,150.0311,NA,fore_reef,windward,FALSE,NA,Alan Friedlander,NA
PNG_2024_uvs_019,PNG_2024,uvs,Murat,Emirau,Teulu,2024-08-05,15:00:00,-1.68565,150.01578,NA,fore_reef,windward,FALSE,NA,Alan Friedlander,NA
PNG_2024_uvs_020,PNG_2024,uvs,Murat,Tench,Tench,2024-08-06,08:30:00,-1.65265,150.67687,NA,fore_reef,windward,FALSE,NA,Alan Friedlander,NA
PNG_2024_uvs_021,PNG_2024,uvs,Murat,Tench,Tench,2024-08-06,11:00:00,-1.64324,150.67015,NA,fore_reef,windward,FALSE,NA,Alan Friedlander,NA
PNG_2024_uvs_022,PNG_2024,uvs,Murat,Tench,Tench,2024-08-06,15:00:00,-1.65125,150.66981,NA,fore_reef,leeward,FALSE,NA,Alan Friedlander,NA
PNG_2024_uvs_023,PNG_2024,uvs,Lovongai,Tingwon,Tingwon,2024-08-08,11:00:00,-2.62298,149.6368,NA,fore_reef,leeward,TRUE,Tambu,Alan Friedlander,NA
PNG_2024_uvs_024,PNG_2024,uvs,Lovongai,Tingwon,Tingwon,2024-08-08,13:50:00,-2.62893,149.61843,NA,fore_reef,leeward,TRUE,Tambu,Alan Friedlander,NA
PNG_2024_uvs_025,PNG_2024,uvs,Lovongai,Tingwon,Tingwon,2024-08-09,09:30:00,-2.63959,149.66772,NA,fore_reef,windward,FALSE,NA,Alan Friedlander,NA
PNG_2024_uvs_026,PNG_2024,uvs,Lovongai,Tingwon,Tingwon,2024-08-09,12:20:00,-2.64558,149.66143,NA,back_reef,lagoon,FALSE,NA,Alan Friedlander,NA
PNG_2024_uvs_027,PNG_2024,uvs,Lovongai,Tingwon,Tingwon,2024-08-09,16:00:00,-2.61077,149.71588,NA,fore_reef,windward,FALSE,NA,Alan Friedlander,NA
PNG_2024_uvs_028,PNG_2024,uvs,Lovongai,Dunung,Dunung,2024-08-10,08:30:00,-2.35995,150.11061,NA,fore_reef,leeward,FALSE,NA,Alan Friedlander,NA
PNG_2024_uvs_029,PNG_2024,uvs,Lovongai,Dunung,Dunung,2024-08-10,11:10:00,-2.36364,150.13071,NA,fore_reef,leeward,FALSE,NA,Alan Friedlander,NA
PNG_2024_uvs_030,PNG_2024,uvs,Lovongai,Dunung,Dunung,2024-08-10,15:40:00,-2.37217,150.11784,NA,fore_reef,leeward,FALSE,NA,Alan Friedlander,NA
PNG_2024_uvs_031,PNG_2024,uvs,Lovongai,Neitab,Neitab,2024-08-11,09:04:00,-2.3429,150.15852,NA,fore_reef,leeward,FALSE,NA,Alan Friedlander,NA
PNG_2024_uvs_032,PNG_2024,uvs,Lovongai,Neitab,Neitab,2024-08-11,11:22:00,-2.34318,150.13746,NA,fore_reef,leeward,FALSE,NA,Alan Friedlander,NA
PNG_2024_uvs_033,PNG_2024,uvs,Lovongai,Kung,Kung,2024-08-11,15:00:00,-2.3775,150.0887,NA,fore_reef,leeward,FALSE,NA,Alan Friedlander,NA
PNG_2024_uvs_034,PNG_2024,uvs,Lovongai,Au,Au,2024-08-12,09:30:00,-2.488,149.94259,NA,fore_reef,leeward,FALSE,NA,Andrew McInnis,NA
PNG_2024_uvs_035,PNG_2024,uvs,Lovongai,Au,Au,2024-08-12,12:13:00,-2.47862,149.93921,NA,fore_reef,leeward,FALSE,NA,Andrew McInnis,NA
PNG_2024_uvs_036,PNG_2024,uvs,Lovongai,Tsoilik,Tsoilik,2024-08-13,13:00:00,-2.40239,150.41971,NA,fore_reef,windward,FALSE,NA,Andrew McInnis,NA
PNG_2024_uvs_037,PNG_2024,uvs,Lovongai,Tsoilik,Tsoilik,2024-08-13,15:22:00,-2.40862,150.42718,NA,fore_reef,windward,TRUE,Tambu since 2020,Andrew McInnis,NA
PNG_2024_uvs_038,PNG_2024,uvs,Lovongai,Nemto,Nemto,2024-08-14,10:00:00,-2.35048,150.34318,NA,fore_reef,windward,FALSE,NA,Andrew McInnis,NA
PNG_2024_uvs_039,PNG_2024,uvs,Lovongai,Nemto,Nemto,2024-08-14,12:45:00,-2.36336,150.36482,NA,fore_reef,windward,FALSE,NA,Andrew McInnis,NA
PNG_2024_uvs_040,PNG_2024,uvs,Lovongai,Tsoilik,Tsoilik,2024-08-14,16:43:00,-2.39586,150.40683,NA,fore_reef,windward,FALSE,NA,Andrew McInnis,NA
PNG_2024_uvs_041,PNG_2024,uvs,Lovongai,Enelava,Enelava,2024-08-15,08:51:00,-2.56516,150.47988,NA,back_reef,lagoon,FALSE,NA,Andrew McInnis,NA
PNG_2024_uvs_042,PNG_2024,uvs,Lovongai,Enelava,Enelava,2024-08-15,11:43:00,-2.55716,150.4882,NA,back_reef,lagoon,FALSE,NA,Andrew McInnis,NA
PNG_2024_uvs_043,PNG_2024,uvs,Manus,Bipi,Bipi Island,2024-09-12,14:24:00,-2.10786,146.41145,NA,fore_reef,leeward,FALSE,NA,Jennifer Casselle,NA
PNG_2024_uvs_044,PNG_2024,uvs,Manus,Bipi,Six Islands Reef (Sokhi),2024-09-13,09:15:00,-2.14389,146.24547,NA,fore_reef,leeward,FALSE,NA,Jennifer Casselle,NA
PNG_2024_uvs_045,PNG_2024,uvs,Manus,Bipi,Six Islands Reef (Swuawekh),2024-09-13,12:10:00,-2.13833,146.21578,NA,fore_reef,leeward,FALSE,NA,Jennifer Casselle,NA
PNG_2024_uvs_046,PNG_2024,uvs,Manus,Bipi,Six Islands Reef (Mok),2024-09-13,16:00:00,-2.15042,146.17536,NA,fore_reef,leeward,FALSE,NA,Jennifer Casselle,NA
PNG_2024_uvs_047,PNG_2024,uvs,Manus,Bipi,Six Islands Reef (Nyatau),2024-09-14,09:15:00,-2.19846,146.19519,NA,fore_reef,leeward,FALSE,NA,Jennifer Casselle,NA
PNG_2024_uvs_048,PNG_2024,uvs,Manus,Bipi,Six Islands Reef (Paindreh),2024-09-14,12:10:00,-2.21383,146.25557,NA,fore_reef,leeward,FALSE,NA,Jennifer Casselle,NA
PNG_2024_uvs_049,PNG_2024,uvs,Manus,Bipi,Six Islands Reef (Sach),2024-09-14,16:20:00,-2.24375,146.29042,NA,patch_reef,leeward,FALSE,NA,Jennifer Casselle,"2006 tnc site called ""parinte-14"""
PNG_2024_uvs_050,PNG_2024,uvs,Manus,Manus,Point Stone (Albuli),2024-09-15,10:52:00,-2.24802,146.53895,NA,fore_reef,leeward,FALSE,NA,Jennifer Casselle,NA
PNG_2024_uvs_051,PNG_2024,uvs,Manus,Manus,Point Stone (Surebou),2024-09-15,13:40:00,-2.25561,146.5517,NA,fore_reef,leeward,FALSE,NA,Jennifer Casselle,NA
PNG_2024_uvs_052,PNG_2024,uvs,Manus,Harengan,Mbuem,2024-09-17,08:50:00,-1.91115,146.61773,NA,channel_pass,leeward,FALSE,NA,Jennifer Casselle,NA
PNG_2024_uvs_053,PNG_2024,uvs,Manus,Harengan,Ape,2024-09-17,11:30:00,-1.9015,146.605,NA,fore_reef,leeward,FALSE,NA,Jennifer Casselle,NA
PNG_2024_uvs_054,PNG_2024,uvs,Manus,Harengan,Pinyang,2024-09-17,15:23:00,-1.89752,146.57975,NA,fore_reef,leeward,FALSE,NA,Jennifer Casselle,NA
PNG_2024_uvs_055,PNG_2024,uvs,Manus,Harengan,Three Islands (Baluwak),2024-09-18,08:50:00,-1.94423,146.49151,NA,fore_reef,leeward,FALSE,NA,Jennifer Casselle,NA
PNG_2024_uvs_056,PNG_2024,uvs,Manus,Harengan,Three Islands (Papepus),2024-09-18,11:17:00,-1.96308,146.4743,NA,fore_reef,leeward,FALSE,NA,Jennifer Casselle,"2006 tnc site called ""mosely"""
PNG_2024_uvs_057,PNG_2024,uvs,Manus,Harengan,Three Islands (New Island),2024-09-18,14:20:00,-1.98634,146.47531,NA,fore_reef,leeward,FALSE,NA,Jennifer Casselle,NA
PNG_2024_uvs_058,PNG_2024,uvs,Manus,Harengan,Ameng Lmma,2024-09-19,08:35:00,-1.92899,146.60255,NA,patch_reef,leeward,TRUE,Lmma,Jennifer Casselle,NA
PNG_2024_uvs_059,PNG_2024,uvs,Manus,Harengan,Harengan Lmma Nw,2024-09-19,11:18:00,-1.9523,146.57762,NA,fore_reef,leeward,TRUE,Lmma,Jennifer Casselle,NA
PNG_2024_uvs_060,PNG_2024,uvs,Manus,Harengan,Harengan Lmma Sw,2024-09-19,15:20:00,-1.9592,146.5744,NA,fore_reef,leeward,TRUE,Lmma,Jennifer Casselle,NA
PNG_2024_uvs_061,PNG_2024,uvs,Western Islands,Luf,Ben's Reef,2024-09-20,11:45:00,-1.47076,145.04429,NA,back_reef,leeward,FALSE,NA,Jennifer Casselle,NA
PNG_2024_uvs_062,PNG_2024,uvs,Western Islands,Luf,Sw Of Channel,2024-09-20,15:09:00,-1.47621,145.04067,NA,fore_reef,leeward,FALSE,NA,Jennifer Casselle,NA
PNG_2024_uvs_063,PNG_2024,uvs,Western Islands,Luf,Nw Of Channel,2024-09-21,09:00:00,-1.45054,145.05543,NA,fore_reef,leeward,FALSE,NA,Jennifer Casselle,NA
PNG_2024_uvs_064,PNG_2024,uvs,Western Islands,Luf,Far Nw Of Channel,2024-09-21,11:00:00,-1.44118,145.07443,NA,fore_reef,leeward,FALSE,NA,Jennifer Casselle,NA
PNG_2024_uvs_065,PNG_2024,uvs,Western Islands,Luf,Far Sw Of Channel,2024-09-21,14:36:00,-1.48082,145.01019,NA,fore_reef,leeward,FALSE,NA,Jennifer Casselle,NA
PNG_2024_uvs_066,PNG_2024,uvs,Western Islands,Luf,Pianau,2024-09-22,08:39:00,-1.58932,144.98075,NA,fore_reef,leeward,FALSE,NA,Jennifer Casselle,NA
PNG_2024_uvs_067,PNG_2024,uvs,Western Islands,Luf,Pianau,2024-09-22,12:05:00,-1.56042,144.96144,NA,fore_reef,leeward,FALSE,NA,Jennifer Casselle,NA
PNG_2024_uvs_068,PNG_2024,uvs,Western Islands,Luf,Pianau,2024-09-22,15:02:00,-1.52604,144.9966,NA,back_reef,lagoon,FALSE,NA,Jennifer Casselle,NA
PNG_2024_uvs_069,PNG_2024,uvs,Western Islands,Ninigo,Sama Atoll (Pt. Ship),2024-09-24,09:00:00,-1.38324,144.06533,NA,fore_reef,leeward,FALSE,NA,Jennifer Casselle,NA
PNG_2024_uvs_070,PNG_2024,uvs,Western Islands,Ninigo,Sama Atoll (Pataku),2024-09-24,11:57:00,-1.3918,144.09038,NA,fore_reef,windward,FALSE,NA,Jennifer Casselle,NA
PNG_2024_uvs_071,PNG_2024,uvs,Western Islands,Ninigo,Sama Atoll (Pehekamel),2024-09-24,14:24:00,-1.41372,144.08364,NA,fore_reef,windward,FALSE,NA,Jennifer Casselle,NA
PNG_2024_uvs_072,PNG_2024,uvs,Western Islands,Ninigo,Lau Forereef,2024-09-25,08:24:00,-1.3595,144.16872,NA,fore_reef,leeward,FALSE,NA,Jennifer Casselle,NA
PNG_2024_uvs_073,PNG_2024,uvs,Western Islands,Ninigo,Ahu Forereef,2024-09-25,11:00:00,-1.31883,144.14252,NA,fore_reef,leeward,FALSE,NA,Jennifer Casselle,NA
PNG_2024_uvs_074,PNG_2024,uvs,Western Islands,Ninigo,Ahu Lagoon,2024-09-25,14:26:00,-1.32468,144.16644,NA,back_reef,lagoon,FALSE,NA,Jennifer Casselle,NA
PNG_2024_uvs_075,PNG_2024,uvs,Western Islands,Ninigo,Mal Nw Forereef,2024-09-26,10:20:00,-1.40754,144.17405,NA,fore_reef,leeward,FALSE,NA,Jennifer Casselle,NA
PNG_2024_uvs_076,PNG_2024,uvs,Western Islands,Ninigo,Puhipit,2024-09-26,13:20:00,-1.41398,144.20312,NA,fore_reef,leeward,FALSE,NA,Jennifer Casselle,NA
PNG_2024_uvs_077,PNG_2024,uvs,Western Islands,Ninigo,North Menan,2024-09-27,08:30:00,-1.21209,144.26774,NA,fore_reef,leeward,FALSE,NA,Jennifer Casselle,NA
PNG_2024_uvs_078,PNG_2024,uvs,Western Islands,Ninigo,North Xau,2024-09-27,11:17:00,-1.21557,144.21984,NA,fore_reef,leeward,FALSE,NA,Jennifer Casselle,NA
PNG_2024_uvs_079,PNG_2024,uvs,Western Islands,Ninigo,South Xau,2024-09-27,13:45:00,-1.22678,144.2247,NA,fore_reef,leeward,FALSE,NA,Jennifer Casselle,NA
PNG_2024_uvs_080,PNG_2024,uvs,Western Islands,Ninigo,Tumisawin,2024-09-28,09:27:00,-1.20632,144.25212,NA,fore_reef,leeward,FALSE,NA,Jennifer Casselle,NA
PNG_2024_uvs_081,PNG_2024,uvs,Western Islands,Ninigo,Nahanu,2024-09-28,11:55:00,-1.14611,144.32,NA,fore_reef,leeward,FALSE,NA,Jennifer Casselle,NA
PNG_2024_uvs_082,PNG_2024,uvs,Western Islands,Ninigo,Matahau,2024-09-28,14:30:00,-1.1484,144.35066,NA,fore_reef,leeward,FALSE,NA,Jennifer Casselle,NA
PNG_2024_uvs_083,PNG_2024,uvs,Western Islands,Aua,Aua Village,2024-09-30,08:50:00,-1.47,143.04423,NA,fore_reef,leeward,FALSE,NA,Jennifer Casselle,NA
PNG_2024_uvs_084,PNG_2024,uvs,Western Islands,Aua,Peleva,2024-09-30,11:25:00,-1.46537,143.08166,NA,fore_reef,windward,FALSE,NA,Jennifer Casselle,NA
PNG_2024_uvs_085,PNG_2024,uvs,Western Islands,Aua,Sidina,2024-09-30,13:55:00,-1.45111,143.05264,NA,fore_reef,windward,FALSE,NA,Jennifer Casselle,NA
PNG_2024_uvs_086,PNG_2024,uvs,Western Islands,Wuvulu,Lewohe,2024-10-01,09:26:00,-1.72311,142.84353,NA,fore_reef,windward,FALSE,NA,Jennifer Casselle,NA
PNG_2024_uvs_087,PNG_2024,uvs,Western Islands,Wuvulu,Fanahu,2024-10-01,12:28:00,-1.72108,142.87623,NA,fore_reef,windward,FALSE,NA,Jennifer Casselle,NA
PNG_2024_uvs_088,PNG_2024,uvs,Western Islands,Wuvulu,A'arrdifa,2024-10-01,15:30:00,-1.72887,142.82142,NA,fore_reef,leeward,FALSE,NA,Jennifer Casselle,NA
PNG_2024_uvs_089,PNG_2024,uvs,Western Islands,Wuvulu,Sunrise 1,2024-10-02,09:58:00,-1.75012,142.8634,NA,fore_reef,leeward,FALSE,NA,Jennifer Casselle,NA
PNG_2024_uvs_090,PNG_2024,uvs,Western Islands,Wuvulu,Sunrise 2,2024-10-02,12:38:00,-1.76095,142.8268,NA,fore_reef,leeward,FALSE,NA,Jennifer Casselle,NA
SLB_2024_uvs_001,SLB_2024,uvs,Marau,Towara'o,NA,2024-10-18,15:00:00,-9.87476,160.85936,NA,fore_reef,windward,FALSE,NA,Molly Timmers,NA
SLB_2024_uvs_002,SLB_2024,uvs,Marau,Towara'o,NA,2024-10-19,08:45:00,-9.87582,160.88697,NA,fore_reef,windward,FALSE,NA,Molly Timmers,NA
SLB_2024_uvs_003,SLB_2024,uvs,Marau,Towara'o,NA,2024-10-19,15:00:00,-9.83768,160.90344,TNCBIO44,fore_reef,leeward,FALSE,NA,Molly Timmers,NA
SLB_2024_uvs_004,SLB_2024,uvs,Marau,Marapa,NA,2024-10-20,08:30:00,-9.81687,160.88965,TNCRES42 - Honoa,fore_reef,leeward,FALSE,NA,Molly Timmers,NA
SLB_2024_uvs_005,SLB_2024,uvs,Marau,Marapa,NA,2024-10-20,10:50:00,-9.81096,160.86086,TNCRES43 - Wainipareo,fore_reef,leeward,FALSE,NA,Molly Timmers,NA
SLB_2024_uvs_006,SLB_2024,uvs,Marau,Marapa,NA,2024-10-20,15:00:00,-9.7791,160.85177,NA,fore_reef,leeward,FALSE,NA,Molly Timmers,NA
SLB_2024_uvs_007,SLB_2024,uvs,Three Sisters,Malaupaina,NA,2024-10-22,08:30:00,-10.27068,161.97051,TNCRES49 - Malapauina 2,fore_reef,leeward,FALSE,NA,Molly Timmers,NA
SLB_2024_uvs_008,SLB_2024,uvs,Three Sisters,Malaupaina,NA,2024-10-22,15:00:00,-10.23212,161.95201,TNCRES48 - Malapauina 1,fore_reef,leeward,FALSE,NA,Molly Timmers,NA
SLB_2024_uvs_009,SLB_2024,uvs,Three Sisters,Malaulalo,NA,2024-10-23,09:00:00,-10.20119,161.94162,NA,fore_reef,leeward,FALSE,NA,Molly Timmers,NA
SLB_2024_uvs_010,SLB_2024,uvs,Three Sisters,Malaulalo,NA,2024-10-23,11:30:00,-10.18644,161.93276,NA,fore_reef,leeward,FALSE,NA,Molly Timmers,NA
SLB_2024_uvs_011,SLB_2024,uvs,Three Sisters,Malaulalo,NA,2024-10-23,15:30:00,-10.18829,161.93748,NA,fore_reef,leeward,FALSE,NA,Molly Timmers,NA
SLB_2024_uvs_012,SLB_2024,uvs,Three Sisters,Aliite,NA,2024-10-24,09:10:00,-10.12583,161.93174,NA,fore_reef,windward,FALSE,NA,Molly Timmers,NA
SLB_2024_uvs_013,SLB_2024,uvs,Three Sisters,Aliite,NA,2024-10-24,11:30:00,-10.15134,161.92274,NA,fore_reef,windward,FALSE,NA,Molly Timmers,NA
SLB_2024_uvs_014,SLB_2024,uvs,Three Sisters,Finua-asi,NA,2024-10-25,11:30:00,-9.99499,161.98864,NA,fore_reef,windward,FALSE,NA,Molly Timmers,NA
SLB_2024_uvs_015,SLB_2024,uvs,Temotu,Tinakula,NA,2024-10-27,09:00:00,-10.37364,165.81299,SORI67,fore_reef,windward,FALSE,NA,Molly Timmers,NA
SLB_2024_uvs_016,SLB_2024,uvs,Temotu,Tinakula,NA,2024-10-27,11:30:00,-10.37573,165.79436,SORI69,fore_reef,leeward,FALSE,NA,Molly Timmers,NA
SLB_2024_uvs_017,SLB_2024,uvs,Temotu,Tinakula,NA,2024-10-27,15:30:00,-10.39909,165.79257,SORI68,fore_reef,leeward,FALSE,NA,Molly Timmers,NA
SLB_2024_uvs_018,SLB_2024,uvs,Temotu,Lata,Neo,2024-10-29,09:00:00,-10.65436,165.81376,NA,fore_reef,leeward,TRUE,"no take since 2019; however if someone from the community dies, they will allow the community to access the conservation site for fish.",Molly Timmers,NA
SLB_2024_uvs_019,SLB_2024,uvs,Temotu,Lata,Neo,2024-10-29,11:45:00,-10.6501,165.80566,NA,fore_reef,leeward,TRUE,NA,Molly Timmers,NA
SLB_2024_uvs_020,SLB_2024,uvs,Temotu,Lata,Malo,2024-10-30,08:30:00,-10.6764,165.79416,NA,fore_reef,leeward,FALSE,NA,Molly Timmers,NA
SLB_2024_uvs_021,SLB_2024,uvs,Temotu,Lata,Dai,2024-10-30,11:30:00,-10.70406,165.78257,NA,fore_reef,leeward,FALSE,NA,Molly Timmers,NA
SLB_2024_uvs_022,SLB_2024,uvs,Temotu,Lata,Minevi,2024-10-31,08:45:00,-10.67829,165.82613,NA,fore_reef,leeward,FALSE,NA,Molly Timmers,NA
SLB_2024_uvs_023,SLB_2024,uvs,Temotu,Lata,Wea,2024-10-31,11:30:00,-10.70096,165.8113,NA,fore_reef,leeward,FALSE,NA,Molly Timmers,NA
SLB_2024_uvs_024,SLB_2024,uvs,Temotu,Lata,Luova,2024-10-31,15:30:00,-10.7131,165.80366,NA,fore_reef,leeward,FALSE,NA,Molly Timmers,** note had to change the lat long listed as -10.700967 165.811265 because it was wrong. went on google earth and guestimated location based on remembrance of general area.
SLB_2024_uvs_025,SLB_2024,uvs,Temotu,Reef Islands,Pileni,2024-11-02,10:30:00,-10.19366,166.1919,SORI61,fore_reef,leeward,FALSE,NA,Molly Timmers,** relabeled as reefs as it was labeled as lata
SLB_2024_uvs_026,SLB_2024,uvs,Temotu,Reef Islands,Pileni,2024-11-02,13:00:00,-10.16431,166.24849,SORI64,fore_reef,leeward,FALSE,NA,Molly Timmers,NA
SLB_2024_uvs_027,SLB_2024,uvs,Temotu,Reef Islands,Nyie bol ne bika,2024-11-03,09:00:00,-10.19699,166.1116,SORI59,fore_reef,leeward,FALSE,NA,Molly Timmers,"the reef area is called nyie bol ne bika, understanding is that it is not formally assocaited with a community since there's no livable  island nearby but is rather a part of the collective reef islands."
SLB_2024_uvs_028,SLB_2024,uvs,Temotu,Reef Islands,Nyie bol ne bika,2024-11-03,11:30:00,-10.21676,166.07248,SORI62,fore_reef,leeward,FALSE,NA,Molly Timmers,"the reef area is called nyie bol ne bika, understanding is that it is not formally assocaited with a community since there's no livable  island nearby but is rather a part of the collective reef islands."
SLB_2024_uvs_029,SLB_2024,uvs,Temotu,Reef Islands,Ngalo,2024-11-04,08:30:00,-10.2933,166.2957,SORI53,fore_reef,leeward,TRUE,"since 2022, allows sharks fishing, plan to keep it in place for 5 years",Molly Timmers,mowhawk bay - mathew's community
SLB_2024_uvs_030,SLB_2024,uvs,Temotu,Reef Islands,Manuwa,2024-11-04,10:45:00,-10.28375,166.27215,SORI60,fore_reef,windward,FALSE,NA,Molly Timmers,NA
SLB_2024_uvs_031,SLB_2024,uvs,Temotu,Reef Islands,Tuo,2024-11-04,15:00:00,-10.26483,166.2589,NA,fore_reef,leeward,TRUE,No take since maybe 2022,Molly Timmers,NA
SLB_2024_uvs_032,SLB_2024,uvs,Temotu,Reef Islands,Matema,2024-11-06,10:30:00,-10.27899,166.16478,NA,fore_reef,leeward,TRUE,no take - rotational every two years,Molly Timmers,NA
SLB_2024_uvs_033,SLB_2024,uvs,Temotu,Reef Islands,Matema,2024-11-06,14:30:00,-10.28734,166.20035,NA,fore_reef,leeward,FALSE,NA,Molly Timmers,NA
SLB_2024_uvs_034,SLB_2024,uvs,Temotu,Nukapu,NA,2024-11-07,08:30:00,-10.0929,166.02512,NA,fore_reef,leeward,TRUE,no take since 2022,Molly Timmers,NA
SLB_2024_uvs_035,SLB_2024,uvs,Temotu,Nukapu,NA,2024-11-07,11:00:00,-10.07622,166.0389,NA,fore_reef,leeward,TRUE,no take since 2022,Molly Timmers,NA
SLB_2024_uvs_036,SLB_2024,uvs,Temotu,Nukapu,NA,2024-11-07,15:00:00,-10.09427,166.04914,NA,fore_reef,windward,TRUE,no take since 2022,Molly Timmers,** relabeled at nukapu rather than duffs;
SLB_2024_uvs_037,SLB_2024,uvs,Temotu,Duff Islands,NA,2024-11-09,09:20:00,-9.89384,167.19737,NA,fore_reef,windward,FALSE,NA,Molly Timmers,** note had to change the lat long listed as -10.094354 and 166.049046 because it was wrong. went on googleearth and plotted the sites from nov 9th and modified accordingly based on knowledge of general area where the site was located.
SLB_2024_uvs_038,SLB_2024,uvs,Temotu,Duff Islands,NA,2024-11-09,11:45:00,-9.86142,167.18273,NA,fore_reef,windward,FALSE,NA,Molly Timmers,NA
SLB_2024_uvs_039,SLB_2024,uvs,Temotu,Duff Islands,NA,2024-11-09,15:15:00,-9.89613,167.17158,NA,fore_reef,leeward,FALSE,NA,Molly Timmers,NA
SLB_2024_uvs_040,SLB_2024,uvs,Temotu,Duff Islands,NA,2024-11-10,09:20:00,-9.93156,167.24099,NA,fore_reef,leeward,FALSE,NA,Molly Timmers,NA
SLB_2024_uvs_041,SLB_2024,uvs,Temotu,Duff Islands,NA,2024-11-10,13:00:00,-9.9142,167.23176,NA,fore_reef,leeward,FALSE,NA,Molly Timmers,NA
SLB_2024_uvs_042,SLB_2024,uvs,Temotu,Duff Islands,NA,2024-11-11,09:30:00,-9.76045,167.06186,NA,fore_reef,leeward,FALSE,NA,Molly Timmers,NA
SLB_2024_uvs_043,SLB_2024,uvs,Temotu,Duff Islands,NA,2024-11-11,12:00:00,-9.79583,167.09446,NA,fore_reef,leeward,FALSE,NA,Molly Timmers,NA
PLW_2024_uvs_001,PLW_2024,uvs,Sonsorol,Sonsorol,NA,2024-02-05,09:00:00,5.3228,132.21826,Son_06,fore_reef,leeward,FALSE,NA,Alan Friedlander,NA
PLW_2024_uvs_002,PLW_2024,uvs,Sonsorol,Sonsorol,NA,2024-02-05,11:20:00,5.31864,132.22115,Son_05,fore_reef,leeward,FALSE,NA,Alan Friedlander,NA
PLW_2024_uvs_003,PLW_2024,uvs,Sonsorol,Sonsorol,NA,2024-02-05,15:10:00,5.31501,132.22806,Son_04,fore_reef,windward,FALSE,NA,Alan Friedlander,NA
PLW_2024_uvs_004,PLW_2024,uvs,Sonsorol,Sonsorol,NA,2024-02-06,10:00:00,5.32894,132.21628,Son_07,fore_reef,leeward,FALSE,NA,Alan Friedlander,NA
PLW_2024_uvs_005,PLW_2024,uvs,Sonsorol,Fanna,NA,2024-02-06,14:00:00,5.35345,132.22234,Fan_05,fore_reef,leeward,FALSE,NA,Alan Friedlander,NA
PLW_2024_uvs_006,PLW_2024,uvs,Sonsorol,Sonsorol,NA,2024-02-07,09:00:00,5.33685,132.22694,Son_01,fore_reef,windward,FALSE,NA,Alan Friedlander,NA
PLW_2024_uvs_007,PLW_2024,uvs,Sonsorol,Fanna,NA,2024-02-07,11:30:00,5.34861,132.23067,Fan_04,fore_reef,windward,FALSE,NA,Alan Friedlander,NA
PLW_2024_uvs_008,PLW_2024,uvs,Sonsorol,Fanna,NA,2024-02-07,15:30:00,5.35297,132.23203,Fan_03,fore_reef,windward,FALSE,NA,Alan Friedlander,NA
PLW_2024_uvs_009,PLW_2024,uvs,Sonsorol,Sonsorol,NA,2024-02-08,09:00:00,5.33617,132.21928,Son_08,fore_reef,leeward,FALSE,NA,Alan Friedlander,NA
PLW_2024_uvs_010,PLW_2024,uvs,Sonsorol,Fanna,NA,2024-02-08,11:30:00,5.35848,132.22307,Fan_06,fore_reef,windward,FALSE,NA,Alan Friedlander,NA
PLW_2024_uvs_011,PLW_2024,uvs,Sonsorol,Sonsorol,NA,2024-02-08,15:30:00,5.32173,132.22913,Son_03,fore_reef,windward,FALSE,NA,Alan Friedlander,NA
PLW_2024_uvs_012,PLW_2024,uvs,Sonsorol,Fanna,NA,2024-02-09,09:30:00,5.35746,132.23323,Fan_02,fore_reef,windward,FALSE,NA,Alan Friedlander,NA
PLW_2024_uvs_013,PLW_2024,uvs,Sonsorol,Fanna,NA,2024-02-09,11:30:00,5.35297,132.23203,Fan_03,fore_reef,windward,FALSE,NA,Alan Friedlander,NA
PLW_2024_uvs_014,PLW_2024,uvs,Sonsorol,Pulo Anna,NA,2024-02-10,09:45:00,4.65806,131.94566,PUL_10,fore_reef,windward,FALSE,NA,Alan Friedlander,NA
PLW_2024_uvs_015,PLW_2024,uvs,Sonsorol,Pulo Anna,NA,2024-02-10,11:45:00,4.65094,131.95247,PUL_07,fore_reef,leeward,FALSE,NA,Alan Friedlander,NA
PLW_2024_uvs_016,PLW_2024,uvs,Sonsorol,Pulo Anna,NA,2024-02-10,13:45:00,4.65279,131.95457,PUL_06,fore_reef,leeward,FALSE,NA,Alan Friedlander,NA
PLW_2024_uvs_017,PLW_2024,uvs,Sonsorol,Merir,NA,2024-02-11,09:45:00,4.30112,132.3131,MER_05,fore_reef,windward,FALSE,NA,Alan Friedlander,NA
PLW_2024_uvs_018,PLW_2024,uvs,Sonsorol,Merir,NA,2024-02-11,11:45:00,4.31697,132.31699,MER_02,fore_reef,windward,FALSE,NA,Alan Friedlander,NA
PLW_2024_uvs_019,PLW_2024,uvs,Sonsorol,Merir,NA,2024-02-11,16:00:00,4.30882,132.30508,MER_07,fore_reef,leeward,FALSE,NA,Alan Friedlander,NA
PLW_2024_uvs_020,PLW_2024,uvs,Sonsorol,Merir,NA,2024-02-12,13:30:00,4.31941,132.3055,MER_11,fore_reef,leeward,FALSE,NA,Alan Friedlander,NA
PLW_2024_uvs_021,PLW_2024,uvs,Sonsorol,Merir,NA,2024-02-13,09:45:00,4.3097,132.31746,MER_03,fore_reef,windward,FALSE,NA,Alan Friedlander,NA
PLW_2024_uvs_022,PLW_2024,uvs,Sonsorol,Merir,NA,2024-02-13,13:30:00,4.29946,132.30731,MER_09,fore_reef,leeward,FALSE,NA,Alan Friedlander,NA
PLW_2024_uvs_023,PLW_2024,uvs,Sonsorol,Merir,NA,2024-02-13,15:30:00,4.29558,132.31114,MER_06,fore_reef,windward,FALSE,NA,Alan Friedlander,NA
PLW_2024_uvs_024,PLW_2024,uvs,Hatohobei,Tobi,NA,2024-02-15,09:30:00,3.00539,131.11864,TOB_09,fore_reef,leeward,FALSE,NA,Alan Friedlander,NA
PLW_2024_uvs_025,PLW_2024,uvs,Hatohobei,Tobi,NA,2024-02-15,11:30:00,3.01393,131.11925,TOB_11,fore_reef,leeward,FALSE,NA,Alan Friedlander,NA
PLW_2024_uvs_026,PLW_2024,uvs,Hatohobei,Tobi,NA,2024-02-15,15:00:00,2.99718,131.12332,TOB_07,fore_reef,leeward,FALSE,NA,Alan Friedlander,NA
PLW_2024_uvs_027,PLW_2024,uvs,Hatohobei,Tobi,NA,2024-02-16,09:00:00,3.01802,131.12714,TOB_01,fore_reef,leeward,FALSE,NA,Alan Friedlander,NA
PLW_2024_uvs_028,PLW_2024,uvs,Hatohobei,Tobi,NA,2024-02-16,11:30:00,3.01716,131.12288,TOB_12,fore_reef,leeward,FALSE,NA,Alan Friedlander,NA
PLW_2024_uvs_029,PLW_2024,uvs,Hatohobei,Tobi,NA,2024-02-16,15:00:00,3.00084,131.12596,TOB_06,fore_reef,windward,FALSE,NA,Alan Friedlander,NA
PLW_2024_uvs_030,PLW_2024,uvs,Hatohobei,Helen,NA,2024-02-17,12:30:00,2.80061,131.75005,HEL_03,fore_reef,windward,FALSE,NA,Alan Friedlander,NA
PLW_2024_uvs_031,PLW_2024,uvs,Hatohobei,Helen,NA,2024-02-17,15:00:00,2.80037,131.73265,HEL_07,fore_reef,windward,FALSE,NA,Alan Friedlander,NA
PLW_2024_uvs_032,PLW_2024,uvs,Hatohobei,Helen,NA,2024-02-18,09:00:00,2.808,131.77191,HEL_04,fore_reef,windward,FALSE,NA,Alan Friedlander,NA
PLW_2024_uvs_033,PLW_2024,uvs,Hatohobei,Helen,NA,2024-02-18,12:00:00,2.93267,131.83369,HEL_13,fore_reef,windward,FALSE,NA,Alan Friedlander,NA
PLW_2024_uvs_034,PLW_2024,uvs,Hatohobei,Helen,NA,2024-02-18,15:30:00,2.89336,131.82399,HEL_06,fore_reef,windward,FALSE,NA,Alan Friedlander,NA
PLW_2024_uvs_035,PLW_2024,uvs,Hatohobei,Helen,NA,2024-02-19,09:00:00,2.8578,131.7291,HEL_21,fore_reef,leeward,FALSE,NA,Alan Friedlander,NA
PLW_2024_uvs_036,PLW_2024,uvs,Hatohobei,Helen,NA,2024-02-19,11:30:00,2.87172,131.73441,HEL_31,fore_reef,leeward,FALSE,NA,Alan Friedlander,NA
PLW_2024_uvs_037,PLW_2024,uvs,Hatohobei,Helen,NA,2024-02-19,15:00:00,2.89051,131.73668,HEL_01,fore_reef,leeward,FALSE,NA,Alan Friedlander,NA
PLW_2024_uvs_038,PLW_2024,uvs,Hatohobei,Helen,NA,2024-02-20,09:00:00,2.95279,131.82387,HEL_30IN,patch_reef,lagoon,FALSE,NA,Alan Friedlander,NA
PLW_2024_uvs_039,PLW_2024,uvs,Hatohobei,Helen,NA,2024-02-20,11:30:00,2.93486,131.7798,HEL_15IN,back_reef,lagoon,FALSE,NA,Alan Friedlander,NA
PLW_2024_uvs_040,PLW_2024,uvs,Hatohobei,Helen,NA,2024-02-21,09:30:00,2.90824,131.74042,HEL_02OUT,fore_reef,leeward,FALSE,NA,Alan Friedlander,NA
PLW_2024_uvs_041,PLW_2024,uvs,Hatohobei,Helen,NA,2024-02-21,12:00:00,2.87735,131.75423,HEL_25IN,patch_reef,lagoon,FALSE,NA,Alan Friedlander,NA
PLW_2024_uvs_042,PLW_2024,uvs,Hatohobei,Helen,NA,2024-02-21,15:30:00,2.84448,131.7943,HEL_29IN,patch_reef,lagoon,FALSE,NA,Alan Friedlander,NA
PLW_2024_uvs_043,PLW_2024,uvs,Hatohobei,Helen,NA,2024-02-22,09:30:00,2.94912,131.77884,HEL_18,fore_reef,leeward,FALSE,NA,Alan Friedlander,NA
PLW_2024_uvs_044,PLW_2024,uvs,Hatohobei,Helen,NA,2024-02-22,12:00:00,2.93639,131.76764,HEL_15OUT,fore_reef,leeward,FALSE,NA,Alan Friedlander,NA
PLW_2024_uvs_045,PLW_2024,uvs,Sonsorol,Pulo Anna,NA,2024-02-23,09:30:00,4.65616,131.95923,PUL_04,fore_reef,windward,FALSE,NA,Alan Friedlander,NA
RMI_2023_uvs_001,RMI_2023,uvs,Bikar,Bikar,NA,2023-08-31,09:00:00,12.21349,170.08393,BKR-6,fore_reef,leeward,FALSE,NA,Alan Friedlander,NA
RMI_2023_uvs_002,RMI_2023,uvs,Bikar,Bikar,NA,2023-08-31,11:25:00,12.23157,170.07309,BKR-1,fore_reef,leeward,FALSE,NA,Alan Friedlander,NA
RMI_2023_uvs_003,RMI_2023,uvs,Bikar,Bikar,NA,2023-08-31,15:35:00,12.18386,170.10732,BKR-5,fore_reef,leeward,FALSE,NA,Alan Friedlander,NA
RMI_2023_uvs_004,RMI_2023,uvs,Bikar,Bikar,NA,2023-09-01,08:40:00,12.28909,170.09827,BKR-2,fore_reef,leeward,FALSE,NA,Alan Friedlander,NA
RMI_2023_uvs_005,RMI_2023,uvs,Bikar,Bikar,NA,2023-09-01,11:00:00,12.288,170.07392,BKR-3,fore_reef,leeward,FALSE,NA,Alan Friedlander,NA
RMI_2023_uvs_006,RMI_2023,uvs,Bikar,Bikar,NA,2023-09-01,15:00:00,12.27169,170.08038,BKR-4,fore_reef,leeward,FALSE,NA,Alan Friedlander,NA
RMI_2023_uvs_007,RMI_2023,uvs,Bikar,Bikar,NA,2023-09-02,10:00:00,12.22772,170.12135,BKR-7,patch_reef,lagoon,FALSE,NA,Alan Friedlander,NA
RMI_2023_uvs_008,RMI_2023,uvs,Bikar,Bikar,NA,2023-09-02,13:30:00,12.25158,170.11655,BKR-9,patch_reef,lagoon,FALSE,NA,Alan Friedlander,NA
RMI_2023_uvs_009,RMI_2023,uvs,Bikar,Bikar,NA,2023-09-03,08:20:00,12.24853,170.14551,N/A,fore_reef,windward,FALSE,NA,Alan Friedlander,NA
RMI_2023_uvs_010,RMI_2023,uvs,Bikar,Bikar,NA,2023-09-03,10:45:00,12.27016,170.13652,N/A,fore_reef,windward,FALSE,NA,Alan Friedlander,NA
RMI_2023_uvs_011,RMI_2023,uvs,Bikar,Bikar,NA,2023-09-03,14:00:00,12.23313,170.13577,BKR-11,fore_reef,windward,FALSE,NA,Alan Friedlander,NA
RMI_2023_uvs_012,RMI_2023,uvs,Bikar,Bikar,NA,2023-09-04,08:45:00,12.24341,170.0733,N/A,fore_reef,leeward,FALSE,NA,Alan Friedlander,NA
RMI_2023_uvs_013,RMI_2023,uvs,Bikar,Bikar,NA,2023-09-04,11:00:00,12.22811,170.07446,N/A,fore_reef,leeward,FALSE,NA,Alan Friedlander,NA
RMI_2023_uvs_014,RMI_2023,uvs,Bikar,Bikar,NA,2023-09-05,10:00:00,12.24104,170.12107,N/A,patch_reef,lagoon,FALSE,NA,Alan Friedlander,NA
RMI_2023_uvs_015,RMI_2023,uvs,Bikar,Bikar,NA,2023-09-05,12:30:00,12.25534,170.09906,N/A,patch_reef,lagoon,FALSE,NA,Alan Friedlander,NA
RMI_2023_uvs_016,RMI_2023,uvs,Bokak,Bokak,NA,2023-09-07,09:00:00,14.71165,168.89329,BOK-5,fore_reef,leeward,FALSE,NA,Alan Friedlander,NA
RMI_2023_uvs_017,RMI_2023,uvs,Bokak,Bokak,NA,2023-09-07,11:35:00,14.69325,168.9137,BOK-4,fore_reef,leeward,FALSE,NA,Alan Friedlander,NA
RMI_2023_uvs_018,RMI_2023,uvs,Bokak,Bokak,NA,2023-09-07,15:30:00,14.6588,168.93403,BOK-3,fore_reef,leeward,FALSE,NA,Alan Friedlander,NA
RMI_2023_uvs_019,RMI_2023,uvs,Bokak,Bokak,NA,2023-09-08,08:40:00,14.61956,168.95394,N/A,fore_reef,leeward,FALSE,NA,Alan Friedlander,NA
RMI_2023_uvs_020,RMI_2023,uvs,Bokak,Bokak,NA,2023-09-08,10:50:00,14.55698,168.92467,BOK-1,fore_reef,leeward,FALSE,NA,Alan Friedlander,NA
RMI_2023_uvs_021,RMI_2023,uvs,Bokak,Bokak,NA,2023-09-08,14:45:00,14.58723,168.94043,BOK-2,fore_reef,leeward,FALSE,NA,Alan Friedlander,NA
RMI_2023_uvs_022,RMI_2023,uvs,Bokak,Bokak,NA,2023-09-09,09:00:00,14.66887,169.01415,N/A,fore_reef,windward,FALSE,NA,Alan Friedlander,NA
RMI_2023_uvs_023,RMI_2023,uvs,Bokak,Bokak,NA,2023-09-09,11:30:00,14.61867,169.01395,N/A,fore_reef,windward,FALSE,NA,Alan Friedlander,NA
RMI_2023_uvs_024,RMI_2023,uvs,Bokak,Bokak,NA,2023-09-09,14:20:00,14.61865,169.0139,N/A,fore_reef,windward,FALSE,NA,Alan Friedlander,NA
RMI_2023_uvs_025,RMI_2023,uvs,Bokak,Bokak,NA,2023-09-10,08:45:00,14.69207,168.9883,N/A,fore_reef,windward,FALSE,NA,Alan Friedlander,NA
RMI_2023_uvs_026,RMI_2023,uvs,Bokak,Bokak,NA,2023-09-10,10:50:00,14.71572,168.95774,N/A,fore_reef,windward,FALSE,NA,Alan Friedlander,NA
RMI_2023_uvs_027,RMI_2023,uvs,Bokak,Bokak,NA,2023-09-10,13:40:00,14.72258,168.91567,N/A,fore_reef,windward,FALSE,NA,Alan Friedlander,NA
RMI_2023_uvs_028,RMI_2023,uvs,Bokak,Bokak,NA,2023-09-11,10:00:00,14.6896,168.94595,N/A,patch_reef,lagoon,FALSE,NA,Alan Friedlander,NA
RMI_2023_uvs_029,RMI_2023,uvs,Bokak,Bokak,NA,2023-09-11,13:40:00,14.64655,169.00195,N/A,patch_reef,lagoon,FALSE,NA,Alan Friedlander,NA
RMI_2023_uvs_030,RMI_2023,uvs,Bokak,Bokak,NA,2023-09-12,10:30:00,14.56742,168.93669,N/A,patch_reef,lagoon,FALSE,NA,Alan Friedlander,NA
RMI_2023_uvs_031,RMI_2023,uvs,Bokak,Bokak,NA,2023-09-12,14:00:00,14.57367,168.94452,N/A,patch_reef,lagoon,FALSE,NA,Alan Friedlander,NA
RMI_2023_uvs_032,RMI_2023,uvs,Bikini,Bikini,NA,2023-09-15,14:00:00,11.70289,165.26891,N/A,back_reef,lagoon,FALSE,NA,Alan Friedlander,NA
RMI_2023_uvs_033,RMI_2023,uvs,Bikini,Bikini,NA,2023-09-17,13:30:00,11.6778,165.42803,B5,back_reef,lagoon,FALSE,NA,Alan Friedlander,NA
RMI_2023_uvs_034,RMI_2023,uvs,Bikini,Bikini,NA,2023-09-19,08:30:00,11.49959,165.33598,B9,fore_reef,leeward,FALSE,NA,Alan Friedlander,NA
RMI_2023_uvs_035,RMI_2023,uvs,Bikini,Bikini,NA,2023-09-19,10:55:00,11.50263,165.35904,B16,patch_reef,lagoon,FALSE,NA,Alan Friedlander,NA
RMI_2023_uvs_036,RMI_2023,uvs,Bikini,Bikini,NA,2023-09-20,09:00:00,11.63513,165.55657,B2,fore_reef,windward,FALSE,NA,Alan Friedlander,NA
RMI_2023_uvs_037,RMI_2023,uvs,Bikini,Bikini,NA,2023-09-20,11:20:00,11.57224,165.56334,N/A,fore_reef,windward,FALSE,NA,Alan Friedlander,NA
RMI_2023_uvs_038,RMI_2023,uvs,Bikini,Bikini,NA,2023-09-20,14:00:00,11.54865,165.56384,B4,fore_reef,windward,FALSE,NA,Alan Friedlander,NA
RMI_2023_uvs_039,RMI_2023,uvs,Bikini,Bikini,NA,2023-09-21,09:00:00,11.5896,165.20147,N/A,fore_reef,leeward,FALSE,NA,Alan Friedlander,NA
RMI_2023_uvs_040,RMI_2023,uvs,Bikini,Bikini,NA,2023-09-21,11:45:00,11.56075,165.23225,N/A,fore_reef,leeward,FALSE,NA,Alan Friedlander,NA
RMI_2023_uvs_041,RMI_2023,uvs,Bikini,Bikini,NA,2023-09-21,14:15:00,11.57914,165.22195,N/A,back_reef,lagoon,FALSE,NA,Alan Friedlander,NA
RMI_2023_uvs_042,RMI_2023,uvs,Bikini,Bikini,NA,2023-09-22,09:00:00,11.69321,165.33476,N/A,fore_reef,leeward,FALSE,NA,Alan Friedlander,NA
RMI_2023_uvs_043,RMI_2023,uvs,Bikini,Bikini,NA,2023-09-22,10:50:00,11.69877,165.31932,N/A,fore_reef,leeward,FALSE,NA,Alan Friedlander,NA
RMI_2023_uvs_044,RMI_2023,uvs,Bikini,Bikini,NA,2023-09-22,15:00:00,11.70515,165.26352,N/A,fore_reef,leeward,FALSE,NA,Alan Friedlander,NA
RMI_2023_uvs_045,RMI_2023,uvs,Bikini,Bikini,NA,2023-09-23,09:10:00,11.67299,165.23303,N/A,fore_reef,leeward,FALSE,NA,Alan Friedlander,NA
RMI_2023_uvs_046,RMI_2023,uvs,Bikini,Bikini,NA,2023-09-23,10:50:00,11.62437,165.19759,N/A,fore_reef,leeward,FALSE,NA,Alan Friedlander,NA
RMI_2023_uvs_047,RMI_2023,uvs,Bikini,Bikini,NA,2023-09-23,14:45:00,11.56574,165.23843,N/A,back_reef,lagoon,FALSE,NA,Alan Friedlander,NA
RMI_2023_uvs_048,RMI_2023,uvs,Rongerik,Rongerik,NA,2023-09-24,12:20:00,11.27051,167.40618,N/A,fore_reef,leeward,FALSE,NA,Alan Friedlander,NA
RMI_2023_uvs_049,RMI_2023,uvs,Rongerik,Rongerik,NA,2023-09-24,14:30:00,11.31416,167.40377,N/A,fore_reef,leeward,FALSE,NA,Alan Friedlander,NA
RMI_2023_uvs_050,RMI_2023,uvs,Rongerik,Rongerik,NA,2023-09-25,09:20:00,11.40814,167.47412,N/A,fore_reef,windward,FALSE,NA,Alan Friedlander,NA
RMI_2023_uvs_051,RMI_2023,uvs,Rongerik,Rongerik,NA,2023-09-25,11:25:00,11.41689,167.45249,N/A,fore_reef,windward,FALSE,NA,Alan Friedlander,NA
RMI_2023_uvs_052,RMI_2023,uvs,Rongerik,Rongerik,NA,2023-09-25,15:30:00,11.41754,167.42573,N/A,fore_reef,windward,FALSE,NA,Alan Friedlander,NA
RMI_2023_uvs_053,RMI_2023,uvs,Rongerik,Rongerik,NA,2023-09-27,09:00:00,11.41403,167.37571,N/A,fore_reef,leeward,FALSE,NA,Alan Friedlander,NA
RMI_2023_uvs_054,RMI_2023,uvs,Rongerik,Rongerik,NA,2023-09-27,11:30:00,11.37577,167.35916,N/A,fore_reef,leeward,FALSE,NA,Alan Friedlander,NA
RMI_2023_uvs_055,RMI_2023,uvs,Rongerik,Rongerik,NA,2023-09-27,15:30:00,11.33339,167.39676,N/A,fore_reef,leeward,FALSE,NA,Alan Friedlander,NA
RMI_2023_uvs_056,RMI_2023,uvs,Rongerik,Rongerik,NA,2023-09-28,11:00:00,11.39799,167.43777,N/A,patch_reef,lagoon,FALSE,NA,Alan Friedlander,NA
RMI_2023_uvs_057,RMI_2023,uvs,Rongerik,Rongerik,NA,2023-09-28,13:30:00,11.38896,167.41073,N/A,patch_reef,lagoon,FALSE,NA,Alan Friedlander,NA
RMI_2023_uvs_058,RMI_2023,uvs,Rongerik,Rongerik,NA,2023-09-29,09:10:00,11.29419,167.47085,N/A,fore_reef,leeward,FALSE,NA,Alan Friedlander,NA
RMI_2023_uvs_059,RMI_2023,uvs,Rongerik,Rongerik,NA,2023-09-29,11:30:00,11.2907,167.44831,N/A,fore_reef,leeward,FALSE,NA,Alan Friedlander,NA
RMI_2023_uvs_060,RMI_2023,uvs,Rongerik,Rongerik,NA,2023-09-29,15:00:00,11.30877,167.41624,N/A,patch_reef,lagoon,FALSE,NA,Alan Friedlander,NA
NIU_2023_uvs_001,NIU_2023,uvs,Antiope,Antiope,NA,2023-07-10,12:30:00,-18.24408,-168.38993,NA,bank,exposed,FALSE,NA,Alan Friedlander,NA
NIU_2023_uvs_002,NIU_2023,uvs,Antiope,Antiope,NA,2023-07-11,10:30:00,-18.24502,-168.38958,NA,bank,exposed,FALSE,NA,Alan Friedlander,NA
NIU_2023_uvs_003,NIU_2023,uvs,Beveridge,Beveridge,NA,2023-07-14,14:00:00,-20.00411,-167.77928,NIU_2016_uvs_019,fore_reef,leeward,TRUE,NA,Alan Friedlander,NA
NIU_2023_uvs_004,NIU_2023,uvs,Beveridge,Beveridge,NA,2023-07-15,08:45:00,-19.9733,-167.77481,NIU_2016_uvs_017,fore_reef,leeward,TRUE,NA,Alan Friedlander,NA
NIU_2023_uvs_005,NIU_2023,uvs,Beveridge,Beveridge,NA,2023-07-15,10:45:00,-19.9871,-167.7758,NIU_2016_uvs_018,fore_reef,leeward,TRUE,NA,Alan Friedlander,NA
NIU_2023_uvs_006,NIU_2023,uvs,Beveridge,Beveridge,NA,2023-07-15,15:00:00,-20.00957,-167.78715,NIU_2016_uvs_016,fore_reef,leeward,TRUE,NA,Alan Friedlander,NA
NIU_2023_uvs_007,NIU_2023,uvs,Beveridge,Beveridge,NA,2023-07-16,09:30:00,-20.0361,-167.7898,NIU_2016_uvs_026,back_reef,lagoon,TRUE,NA,Alan Friedlander,NA
NIU_2023_uvs_008,NIU_2023,uvs,Beveridge,Beveridge,NA,2023-07-16,10:45:00,-20.0252,-167.7519,NIU_2016_uvs_027,back_reef,lagoon,TRUE,NA,Alan Friedlander,NA
NIU_2023_uvs_009,NIU_2023,uvs,Beveridge,Beveridge,NA,2023-07-16,11:55:00,-20.0004,-167.7383,NIU_2016_uvs_028,back_reef,lagoon,TRUE,NA,Alan Friedlander,NA
NIU_2023_uvs_010,NIU_2023,uvs,Beveridge,Beveridge,NA,2023-07-16,13:15:00,-19.9813,-167.7379,NIU_2016_uvs_029,back_reef,lagoon,TRUE,NA,Alan Friedlander,NA
NIU_2023_uvs_011,NIU_2023,uvs,Beveridge,Beveridge,NA,2023-07-16,14:15:00,-19.9701,-167.7586,NIU_2016_uvs_030,back_reef,lagoon,TRUE,NA,Alan Friedlander,NA
NIU_2023_uvs_012,NIU_2023,uvs,Beveridge,Beveridge,NA,2023-07-17,09:30:00,-20.0241,-167.7453,NIU_2016_uvs_020,fore_reef,windward,TRUE,NA,Alan Friedlander,NA
NIU_2023_uvs_013,NIU_2023,uvs,Beveridge,Beveridge,NA,2023-07-17,11:15:00,-20.03709,-167.76479,NIU_2016_uvs_021,fore_reef,windward,TRUE,NA,Alan Friedlander,NA
NIU_2023_uvs_014,NIU_2023,uvs,Beveridge,Beveridge,NA,2023-07-17,13:45:00,-20.0409,-167.7885,NIU_2016_uvs_022,fore_reef,windward,TRUE,NA,Alan Friedlander,NA
NIU_2023_uvs_015,NIU_2023,uvs,Beveridge,Beveridge,NA,2023-07-18,09:30:00,-19.99109,-167.7312,NIU_2016_uvs_024,fore_reef,windward,TRUE,NA,Alan Friedlander,NA
NIU_2023_uvs_016,NIU_2023,uvs,Beveridge,Beveridge,NA,2023-07-18,11:00:00,-19.97593,-167.73561,NIU_2016_uvs_023,fore_reef,windward,TRUE,NA,Alan Friedlander,NA
NIU_2023_uvs_017,NIU_2023,uvs,Beveridge,Beveridge,NA,2023-07-18,13:00:00,-19.96822,-167.74692,NIU_2016_uvs_015,fore_reef,windward,TRUE,NA,Alan Friedlander,NA
NIU_2023_uvs_018,NIU_2023,uvs,Beveridge,Beveridge,NA,2023-07-19,09:30:00,-19.96686,-167.7617,NIU_2016_uvs_013,fore_reef,windward,TRUE,NA,Alan Friedlander,NA
NIU_2023_uvs_019,NIU_2023,uvs,Beveridge,Beveridge,NA,2023-07-19,11:45:00,-20.02435,-167.79398,NIU_2016_uvs_025,fore_reef,leeward,TRUE,NA,Alan Friedlander,NA
NIU_2023_uvs_020,NIU_2023,uvs,Niue,Niue,NA,2023-07-24,08:15:00,-19.03322,-169.78714,NIU_2016_uvs_005,fore_reef,leeward,FALSE,NA,Alan Friedlander,NA
NIU_2023_uvs_021,NIU_2023,uvs,Niue,Niue,NA,2023-07-24,10:30:00,-18.98964,-169.7998,NIU_2016_uvs_006,fore_reef,leeward,FALSE,NA,Alan Friedlander,NA
NIU_2023_uvs_022,NIU_2023,uvs,Niue,Niue,NA,2023-07-24,12:30:00,-18.95335,-169.83644,NIU_2016_uvs_007,fore_reef,leeward,FALSE,NA,Alan Friedlander,NA
NIU_2023_uvs_023,NIU_2023,uvs,Niue,Niue,NA,2023-07-25,08:45:00,-18.96216,-169.88451,NIU_2016_uvs_008,fore_reef,leeward,FALSE,NA,Alan Friedlander,NA
NIU_2023_uvs_024,NIU_2023,uvs,Niue,Niue,NA,2023-07-25,01:00:00,-18.9979,-169.91362,NIU_2016_uvs_009,fore_reef,leeward,FALSE,NA,Alan Friedlander,NA
NIU_2023_uvs_025,NIU_2023,uvs,Niue,Niue,NA,2023-07-25,13:00:00,-19.02237,-169.92288,NIU_2016_uvs_010,fore_reef,leeward,FALSE,NA,Alan Friedlander,NA
NIU_2023_uvs_026,NIU_2023,uvs,Niue,Niue,NA,2023-07-26,08:39:00,-19.02794,-169.92088,NIU_2016_uvs_011,fore_reef,leeward,FALSE,NA,Juan Mayorga,NA
NIU_2023_uvs_027,NIU_2023,uvs,Niue,Niue,NA,2023-07-26,10:51:00,-19.0324,-169.91974,NIU_2016_uvs_012,fore_reef,leeward,FALSE,NA,Juan Mayorga,NA
NIU_2023_uvs_028,NIU_2023,uvs,Niue,Niue,NA,2023-07-26,13:10:00,-19.06077,-169.93201,NIU_2016_uvs_034,fore_reef,leeward,FALSE,NA,Juan Mayorga,NA
NIU_2023_uvs_029,NIU_2023,uvs,Niue,Niue,NA,2023-07-27,09:04:00,-19.08114,-169.94769,NIU_2016_uvs_033,fore_reef,leeward,FALSE,NA,Juan Mayorga,NA
NIU_2023_uvs_030,NIU_2023,uvs,Niue,Niue,NA,2023-07-27,11:25:00,-19.13202,-169.92126,NIU_2016_uvs_003,fore_reef,leeward,FALSE,NA,Juan Mayorga,NA
NIU_2023_uvs_031,NIU_2023,uvs,Niue,Niue,NA,2023-07-27,13:40:00,-19.11411,-169.91397,NIU_2016_uvs_031,fore_reef,leeward,FALSE,NA,Juan Mayorga,NA
NIU_2023_uvs_032,NIU_2023,uvs,Niue,Niue,NA,2023-07-28,09:35:00,-19.09939,-169.92679,NIU_2016_uvs_032,fore_reef,leeward,FALSE,NA,Juan Mayorga,NA
NIU_2016_uvs_001,NIU_2016,uvs,Niue,Niue,NA,2016-09-27,09:15:00,-19.14743,-169.84387,NA,fore_reef,windward,FALSE,NA,Alan Friedlander,NA
NIU_2016_uvs_002,NIU_2016,uvs,Niue,Niue,NA,2016-09-27,11:30:00,-19.11178,-169.81044,NA,fore_reef,windward,FALSE,NA,Alan Friedlander,NA
NIU_2016_uvs_003,NIU_2016,uvs,Niue,Niue,NA,2016-09-27,16:20:00,-19.13202,-169.92126,NA,fore_reef,leeward,FALSE,NA,Alan Friedlander,NA
NIU_2016_uvs_004,NIU_2016,uvs,Niue,Niue,NA,2016-09-28,09:15:00,-19.07676,-169.78067,NA,fore_reef,windward,FALSE,NA,Alan Friedlander,NA
NIU_2016_uvs_005,NIU_2016,uvs,Niue,Niue,NA,2016-09-28,11:30:00,-19.03322,-169.78719,NA,fore_reef,windward,FALSE,NA,Alan Friedlander,NA
NIU_2016_uvs_006,NIU_2016,uvs,Niue,Niue,NA,2016-09-28,15:30:00,-18.98964,-169.7998,NA,fore_reef,windward,FALSE,NA,Alan Friedlander,NA
NIU_2016_uvs_007,NIU_2016,uvs,Niue,Niue,NA,2016-09-29,09:15:00,-18.95335,-169.83644,NA,fore_reef,leeward,FALSE,NA,Alan Friedlander,NA
NIU_2016_uvs_008,NIU_2016,uvs,Niue,Niue,NA,2016-09-29,11:30:00,-18.96216,-169.88451,NA,fore_reef,leeward,FALSE,NA,Alan Friedlander,NA
NIU_2016_uvs_009,NIU_2016,uvs,Niue,Niue,NA,2016-09-29,15:00:00,-18.9979,-169.91362,NA,fore_reef,leeward,FALSE,NA,Alan Friedlander,NA
NIU_2016_uvs_010,NIU_2016,uvs,Niue,Niue,NA,2016-09-30,09:00:00,-19.02237,-169.92288,NA,fore_reef,leeward,TRUE,NA,Alan Friedlander,NA
NIU_2016_uvs_011,NIU_2016,uvs,Niue,Niue,NA,2016-09-30,11:00:00,-19.02794,-169.92088,NA,fore_reef,leeward,TRUE,NA,Alan Friedlander,NA
NIU_2016_uvs_012,NIU_2016,uvs,Niue,Niue,NA,2016-09-30,14:20:00,-19.0324,-169.91974,NA,fore_reef,leeward,TRUE,NA,Alan Friedlander,NA
NIU_2016_uvs_013,NIU_2016,uvs,Beveridge,Beveridge,NA,2016-10-01,13:00:00,-19.96635,-167.76169,NA,fore_reef,leeward,FALSE,NA,Alan Friedlander,NA
NIU_2016_uvs_014,NIU_2016,uvs,Beveridge,Beveridge,NA,2016-10-01,15:00:00,-20.00662,-167.7365,NA,fore_reef,windward,FALSE,NA,Alan Friedlander,NA
NIU_2016_uvs_015,NIU_2016,uvs,Beveridge,Beveridge,NA,2016-10-02,09:00:00,-19.96822,-167.74692,NA,fore_reef,leeward,FALSE,NA,Alan Friedlander,NA
NIU_2016_uvs_016,NIU_2016,uvs,Beveridge,Beveridge,NA,2016-10-02,15:00:00,-20.00997,-167.78789,NA,fore_reef,leeward,FALSE,NA,Alan Friedlander,NA
NIU_2016_uvs_017,NIU_2016,uvs,Beveridge,Beveridge,NA,2016-10-03,09:00:00,-19.9733,-167.77487,NA,fore_reef,leeward,FALSE,NA,Alan Friedlander,NA
NIU_2016_uvs_018,NIU_2016,uvs,Beveridge,Beveridge,NA,2016-10-03,11:00:00,-19.98718,-167.77571,NA,fore_reef,leeward,FALSE,NA,Alan Friedlander,NA
NIU_2016_uvs_019,NIU_2016,uvs,Beveridge,Beveridge,NA,2016-10-03,15:00:00,-20.00297,-167.77939,NA,fore_reef,leeward,FALSE,NA,Alan Friedlander,NA
NIU_2016_uvs_020,NIU_2016,uvs,Beveridge,Beveridge,NA,2016-10-04,09:00:00,-20.02414,-167.74533,NA,fore_reef,windward,FALSE,NA,Alan Friedlander,NA
NIU_2016_uvs_021,NIU_2016,uvs,Beveridge,Beveridge,NA,2016-10-04,11:00:00,-20.04032,-167.76268,NA,fore_reef,windward,FALSE,NA,Alan Friedlander,NA
NIU_2016_uvs_022,NIU_2016,uvs,Beveridge,Beveridge,NA,2016-10-04,14:40:00,-20.0409,-167.78853,NA,fore_reef,windward,FALSE,NA,Alan Friedlander,NA
NIU_2016_uvs_023,NIU_2016,uvs,Beveridge,Beveridge,NA,2016-10-05,08:40:00,-19.97593,-167.73561,NA,fore_reef,windward,FALSE,NA,Alan Friedlander,NA
NIU_2016_uvs_024,NIU_2016,uvs,Beveridge,Beveridge,NA,2016-10-05,11:00:00,-19.99109,-167.7312,NA,fore_reef,windward,FALSE,NA,Alan Friedlander,NA
NIU_2016_uvs_025,NIU_2016,uvs,Beveridge,Beveridge,NA,2016-10-05,13:40:00,-20.02426,-167.79449,NA,fore_reef,leeward,FALSE,NA,Alan Friedlander,NA
NIU_2016_uvs_026,NIU_2016,uvs,Beveridge,Beveridge,NA,2016-10-06,09:00:00,-20.03613,-167.78984,NA,back_reef,lagoon,FALSE,NA,Alan Friedlander,NA
NIU_2016_uvs_027,NIU_2016,uvs,Beveridge,Beveridge,NA,2016-10-06,10:00:00,-20.02526,-167.75192,NA,back_reef,lagoon,FALSE,NA,Alan Friedlander,NA
NIU_2016_uvs_028,NIU_2016,uvs,Beveridge,Beveridge,NA,2016-10-06,11:00:00,-20.00047,-167.73833,NA,back_reef,lagoon,FALSE,NA,Alan Friedlander,NA
NIU_2016_uvs_029,NIU_2016,uvs,Beveridge,Beveridge,NA,2016-10-06,14:00:00,-19.98131,-167.73792,NA,back_reef,lagoon,FALSE,NA,Alan Friedlander,NA
NIU_2016_uvs_030,NIU_2016,uvs,Beveridge,Beveridge,NA,2016-10-06,15:00:00,-19.97013,-167.75864,NA,back_reef,lagoon,FALSE,NA,Alan Friedlander,NA
NIU_2016_uvs_031,NIU_2016,uvs,Niue,Niue,NA,2016-10-07,14:00:00,-19.11411,-169.91397,NA,fore_reef,leeward,FALSE,NA,Alan Friedlander,NA
NIU_2016_uvs_032,NIU_2016,uvs,Niue,Niue,NA,2016-10-07,16:00:00,-19.09939,-169.92679,NA,fore_reef,leeward,FALSE,NA,Alan Friedlander,NA
NIU_2016_uvs_033,NIU_2016,uvs,Niue,Niue,NA,2016-10-08,09:00:00,-19.08114,-169.94769,NA,fore_reef,leeward,FALSE,NA,Alan Friedlander,NA
NIU_2016_uvs_034,NIU_2016,uvs,Niue,Niue,NA,2016-10-08,11:30:00,-19.06077,-169.93201,NA,fore_reef,leeward,FALSE,NA,Alan Friedlander,NA
DMA_2022_uvs_001,DMA_2022,uvs,Dominica,west-s,loubiere falaise,2022-11-26,11:45:00,15.27137,-61.37618,NA,rocky_reef,leeward,FALSE,NA,Alan Friedlander,NA
DMA_2022_uvs_002,DMA_2022,uvs,Dominica,west-s,dangle bens,2022-11-27,09:10:00,15.23669,-61.37248,NA,pinnacle_reef,leeward,FALSE,NA,Alan Friedlander,NA
DMA_2022_uvs_003,DMA_2022,uvs,Dominica,west-s,coral garden,2022-11-27,11:30:00,15.23843,-61.37161,NA,rocky_reef,leeward,FALSE,NA,Alan Friedlander,NA
DMA_2022_uvs_004,DMA_2022,uvs,Dominica,west-s,scotts head dropoff,2022-11-27,14:45:00,15.21567,-61.37298,NA,pinnacle_reef,leeward,TRUE,Soufriere/Scott's Head,Alan Friedlander,NA
DMA_2022_uvs_005,DMA_2022,uvs,Dominica,west-s,craters edge,2022-11-28,09:10:00,15.21679,-61.37767,NA,pinnacle_reef,leeward,TRUE,Soufriere/Scott's Head,Alan Friedlander,NA
DMA_2022_uvs_006,DMA_2022,uvs,Dominica,west-s,scotts head pinnacle,2022-11-28,11:40:00,15.21498,-61.3771,NA,pinnacle_reef,leeward,TRUE,Soufriere/Scott's Head,Alan Friedlander,NA
DMA_2022_uvs_007,DMA_2022,uvs,Dominica,west-s,champaign reef,2022-11-28,14:50:00,15.24316,-61.37393,NA,rocky_reef,leeward,FALSE,NA,Alan Friedlander,NA
DMA_2022_uvs_008,DMA_2022,uvs,Dominica,west-c,grande savane,2022-11-29,08:45:00,15.43907,-61.4521,NA,reef_pavement,leeward,FALSE,NA,Alan Friedlander,NA
DMA_2022_uvs_009,DMA_2022,uvs,Dominica,west-c,salisbury bay,2022-11-29,11:00:00,15.43811,-61.44585,NA,seagrass,leeward,FALSE,NA,Alan Friedlander,NA
DMA_2022_uvs_010,DMA_2022,uvs,Dominica,west-c,mero west,2022-11-29,14:30:00,15.41785,-61.43374,NA,rocky_reef,leeward,FALSE,NA,Alan Friedlander,NA
DMA_2022_uvs_011,DMA_2022,uvs,Dominica,west-c,Batali,2022-11-30,08:30:00,15.44834,-61.4505,NA,rocky_reef,leeward,FALSE,NA,Alan Friedlander,NA
DMA_2022_uvs_012,DMA_2022,uvs,Dominica,west-n,Plat Coubari,2022-11-30,11:30:00,15.50134,-61.46927,NA,rocky_reef,leeward,FALSE,NA,Alan Friedlander,NA
DMA_2022_uvs_013,DMA_2022,uvs,Dominica,west-n,Espagnol Cliff,2022-11-30,14:30:00,15.52558,-61.47426,NA,rocky_reef,leeward,FALSE,NA,Alan Friedlander,NA
DMA_2022_uvs_014,DMA_2022,uvs,Dominica,west-n,Cabrites N,2022-12-01,08:50:00,15.59065,-61.47252,NA,reef_pavement,leeward,TRUE,Cabrits,Alan Friedlander,NA
DMA_2022_uvs_015,DMA_2022,uvs,Dominica,west-n,Cabrites W,2022-12-01,11:50:00,15.58487,-61.47941,NA,rocky_reef,leeward,TRUE,Cabrits,Alan Friedlander,NA
DMA_2022_uvs_016,DMA_2022,uvs,Dominica,west-n,Douglas Bay,2022-12-01,15:10:00,15.59334,-61.46659,NA,reef_pavement,leeward,TRUE,Cabrits,Alan Friedlander,NA
DMA_2022_uvs_017,DMA_2022,uvs,Dominica,west-n,Toucari,2022-12-02,08:50:00,15.60852,-61.46609,NA,reef_pavement,leeward,TRUE,NA,Alan Friedlander,NA
DMA_2022_uvs_018,DMA_2022,uvs,Dominica,west-n,Touraci North,2022-12-02,11:30:00,15.61063,-61.46724,NA,rocky_reef,leeward,TRUE,Cabrits,Alan Friedlander,NA
DMA_2022_uvs_019,DMA_2022,uvs,Dominica,west-n,Cottage,2022-12-02,14:30:00,15.61386,-61.46807,NA,seagrass,leeward,TRUE,Cabrits,Alan Friedlander,NA
DMA_2022_uvs_020,DMA_2022,uvs,Dominica,west-s,Tarou Point,2022-12-03,08:30:00,15.3804,-61.41227,NA,rocky_reef,leeward,FALSE,NA,Alan Friedlander,NA
DMA_2022_uvs_021,DMA_2022,uvs,Dominica,west-s,Les Pointes,2022-12-03,11:30:00,15.35699,-61.39636,NA,rocky_reef,leeward,FALSE,NA,Alan Friedlander,NA
DMA_2022_uvs_022,DMA_2022,uvs,Dominica,west-s,Fond Colet,2022-12-03,14:45:00,15.32018,-61.39525,NA,rocky_reef,leeward,FALSE,NA,Alan Friedlander,NA
DMA_2022_uvs_023,DMA_2022,uvs,Dominica,east,Anse Quaneri,2022-12-04,09:00:00,15.41958,-61.24743,NA,rocky_reef,windward,FALSE,NA,Alan Friedlander,NA
DMA_2022_uvs_024,DMA_2022,uvs,Dominica,east,Saint Sauveur,2022-12-04,12:05:00,15.39254,-61.24404,NA,rocky_reef,windward,FALSE,NA,Alan Friedlander,NA
DMA_2022_uvs_025,DMA_2022,uvs,Dominica,south,Roche Casse,2022-12-04,15:15:00,15.24086,-61.29155,NA,rocky_reef,windward,FALSE,NA,Alan Friedlander,NA
DMA_2022_uvs_026,DMA_2022,uvs,Dominica,south,Suburbs,2022-12-05,08:45:00,15.20666,-61.36239,NA,pinnacle_reef,leeward,TRUE,Soufriere/Scott's Head,Alan Friedlander,NA
DMA_2022_uvs_027,DMA_2022,uvs,Dominica,south,Village,2022-12-05,11:25:00,15.20782,-61.36638,NA,pinnacle_reef,leeward,TRUE,Soufriere/Scott's Head,Alan Friedlander,NA
DMA_2022_uvs_028,DMA_2022,uvs,Dominica,west-s,West Bank,2022-12-05,14:30:00,15.21451,-61.37726,NA,pinnacle_reef,leeward,TRUE,Soufriere/Scott's Head,Alan Friedlander,NA
DMA_2022_uvs_029,DMA_2022,uvs,Dominica,north,Woodford Hill,2022-12-06,09:15:00,15.59642,-61.32809,NA,reef_pavement,windward,FALSE,NA,Alan Friedlander,NA
DMA_2022_uvs_030,DMA_2022,uvs,Dominica,north,Pointe Bapiste,2022-12-06,11:45:00,15.59988,-61.34238,NA,reef_pavement,windward,FALSE,NA,Alan Friedlander,NA
DMA_2022_uvs_031,DMA_2022,uvs,Dominica,north,Au Parc,2022-12-07,09:00:00,15.60801,-61.39692,NA,reef_pavement,windward,FALSE,NA,Alan Friedlander,NA
DMA_2022_uvs_032,DMA_2022,uvs,Dominica,north,La Bacasse,2022-12-07,11:40:00,15.61552,-61.4008,NA,reef_pavement,windward,FALSE,NA,Alan Friedlander,NA
DMA_2022_uvs_033,DMA_2022,uvs,Dominica,north,NE Point,2022-12-07,14:40:00,15.64061,-61.42249,NA,rocky_reef,windward,FALSE,NA,Alan Friedlander,NA
DMA_2022_uvs_034,DMA_2022,uvs,Dominica,west-c,Gueule Lion,2022-12-09,08:45:00,15.46272,-61.45612,NA,rocky_reef,leeward,FALSE,NA,Alan Friedlander,NA
DMA_2022_uvs_035,DMA_2022,uvs,Dominica,west-c,Anse Ligne,2022-12-09,11:30:00,15.49374,-61.46947,NA,rocky_reef,leeward,FALSE,NA,Alan Friedlander,NA
DMA_2022_uvs_036,DMA_2022,uvs,Dominica,west-n,Pointe Ronde,2022-12-09,14:30:00,15.54595,-61.47613,NA,rocky_reef,leeward,FALSE,NA,Alan Friedlander,NA
COL_2022_uvs_001,COL_2022,uvs,Golfo de Tribugá,DRMI,Morromico,2022-03-17,09:30:00,5.87327,-77.31361,Morromico,rocky_reef,unknown,TRUE,DRMI Golfo de Tribugá - Cabo Corrientes,Alan Friedlander,NA
COL_2022_uvs_002,COL_2022,uvs,Golfo de Tribugá,DRMI,Morro de Jurubira,2022-03-17,11:50:00,5.81273,-77.29748,Morro de Jurubira,rocky_reef,unknown,TRUE,DRMI Golfo de Tribugá - Cabo Corrientes,Alan Friedlander,NA
COL_2022_uvs_003,COL_2022,uvs,Golfo de Tribugá,Cabo Corrientes,Ronosa,2022-03-18,09:05:00,5.58692,-77.50764,Ronosa,rocky_reef,exposed,TRUE,DRMI Golfo de Tribugá - Cabo Corrientes,Alan Friedlander,NA
COL_2022_uvs_004,COL_2022,uvs,Golfo de Tribugá,DRMI,Punta Arusi,2022-03-18,15:20:00,5.6112,-77.48592,Punta Arusi,rocky_reef,unknown,TRUE,DRMI Golfo de Tribugá - Cabo Corrientes,Alan Friedlander,NA
COL_2022_uvs_005,COL_2022,uvs,Golfo de Tribugá,DRMI,Morromico,2022-03-19,15:30:00,5.87153,-77.31043,Morromico,rocky_reef,unknown,TRUE,DRMI Golfo de Tribugá - Cabo Corrientes,Alan Friedlander,NA
COL_2022_uvs_006,COL_2022,uvs,Golfo de Tribugá,PNN Utria,Punta Esperanza,2022-03-20,09:00:00,5.968,-77.34893,Punta Esperanza,pinnacle_reef,unknown,TRUE,PNN Utria,Alan Friedlander,NA
COL_2022_uvs_007,COL_2022,uvs,Golfo de Tribugá,PNN Utria,La Chola,2022-03-20,11:00:00,6.00959,-77.34657,La Chola,patch_reef,sheltered,TRUE,PNN Utria,Alan Friedlander,NA
COL_2022_uvs_008,COL_2022,uvs,Golfo de Tribugá,PNN Utria,Don Diego,2022-03-20,15:00:00,5.98065,-77.34878,Don Diego,rocky_reef,unknown,TRUE,PNN Utria,Alan Friedlander,NA
COL_2022_uvs_009,COL_2022,uvs,Golfo de Tribugá,Cabo Corrientes,Colo,2022-03-22,08:45:00,5.50389,-77.53361,Colo,pinnacle_reef,exposed,TRUE,DRMI Golfo de Tribugá - Cabo Corrientes,Alan Friedlander,NA
COL_2022_uvs_010,COL_2022,uvs,Golfo de Tribugá,Cabo Corrientes,Macarena,2022-03-22,15:20:00,5.54423,-77.51568,Macarena,pinnacle_reef,exposed,TRUE,DRMI Golfo de Tribugá - Cabo Corrientes,Alan Friedlander,NA
COL_2022_uvs_011,COL_2022,uvs,Golfo de Tribugá,DRMI,Punta Orion,2022-03-23,08:30:00,5.63132,-77.38979,Punta Orion,rocky_reef,unknown,TRUE,DRMI Golfo de Tribugá - Cabo Corrientes,Alan Friedlander,NA
COL_2022_uvs_012,COL_2022,uvs,Golfo de Tribugá,DRMI,Marciano,2022-03-23,10:30:00,5.63311,-77.39925,Marciano,pinnacle_reef,unknown,TRUE,DRMI Golfo de Tribugá - Cabo Corrientes,Alan Friedlander,NA
COL_2022_uvs_013,COL_2022,uvs,Golfo de Tribugá,DRMI,Nico,2022-03-23,15:00:00,5.63361,-77.39944,Nico,pinnacle_reef,unknown,TRUE,DRMI Golfo de Tribugá - Cabo Corrientes,Alan Friedlander,NA
COL_2022_uvs_014,COL_2022,uvs,Golfo de Tribugá,Cabo Corrientes,Amargal,2022-03-24,15:00:00,5.58024,-77.51381,Amargal,pinnacle_reef,exposed,TRUE,DRMI Golfo de Tribugá - Cabo Corrientes,Alan Friedlander,NA
COL_2022_uvs_015,COL_2022,uvs,Golfo de Tribugá,Cabo Corrientes,Mallador,2022-03-25,10:30:00,5.50321,-77.53918,Mallador,pinnacle_reef,exposed,TRUE,DRMI Golfo de Tribugá - Cabo Corrientes,Alan Friedlander,NA
COL_2022_uvs_016,COL_2022,uvs,Golfo de Tribugá,Cabo Corrientes,Punta Kike,2022-03-25,15:10:00,5.48356,-77.54118,Punta Kike,rocky_reef,exposed,TRUE,DRMI Golfo de Tribugá - Cabo Corrientes,Alan Friedlander,NA
COL_2022_uvs_017,COL_2022,uvs,Golfo de Tribugá,DRMI,Morromico,2022-03-26,09:30:00,5.87122,-77.31226,Morromico,rocky_reef,unknown,TRUE,DRMI Golfo de Tribugá - Cabo Corrientes,Alan Friedlander,NA
COL_2022_uvs_018,COL_2022,uvs,Golfo de Tribugá,PNN Utria,Punta Esperanza 2,2022-03-27,08:30:00,5.97351,-77.34911,Punta Esperanza 2,rocky_reef,unknown,TRUE,PNN Utria,Alan Friedlander,NA
COL_2022_uvs_019,COL_2022,uvs,Golfo de Tribugá,PNN Utria,Punta Esperanza 3,2022-03-27,15:30:00,5.9719,-77.34819,Punta Esperanza 3,rocky_reef,unknown,TRUE,PNN Utria,Alan Friedlander,NA
COL_2022_uvs_020,COL_2022,uvs,Golfo de Tribugá,PNN Utria,Entrada Esperanza,2022-03-28,15:30:00,5.9985,-77.364,Entrada Esperanza,rocky_reef,unknown,TRUE,PNN Utria,Alan Friedlander,NA
COL_2022_uvs_021,COL_2022,uvs,Bajo Nuevo,Bajo Nuevo,NA,2022-04-09,15:00:00,15.80243,-78.76689,NA,reef_pavement,unknown,FALSE,NA,Alan Friedlander,NA
COL_2022_uvs_022,COL_2022,uvs,Bajo Nuevo,Bajo Nuevo,NA,2022-04-10,08:45:00,15.83993,-78.65032,NA,fore_reef,unknown,FALSE,NA,Alan Friedlander,NA
COL_2022_uvs_023,COL_2022,uvs,Bajo Nuevo,Bajo Nuevo,NA,2022-04-10,10:45:00,15.8363,-78.658,NA,fore_reef,unknown,FALSE,NA,Alan Friedlander,NA
COL_2022_uvs_024,COL_2022,uvs,Bajo Nuevo,Bajo Nuevo,NA,2022-04-10,15:00:00,15.83587,-78.66252,NA,fore_reef,unknown,FALSE,NA,Alan Friedlander,NA
COL_2022_uvs_025,COL_2022,uvs,Bajo Nuevo,Bajo Nuevo,NA,2022-04-11,09:00:00,15.84426,-78.64373,NA,fore_reef,unknown,FALSE,NA,Alan Friedlander,NA
COL_2022_uvs_026,COL_2022,uvs,Bajo Nuevo,Bajo Nuevo,NA,2022-04-11,12:00:00,15.86376,-78.63087,NA,fore_reef,unknown,FALSE,NA,Alan Friedlander,NA
COL_2022_uvs_027,COL_2022,uvs,Bajo Nuevo,Bajo Nuevo,NA,2022-04-11,16:00:00,15.87639,-78.64217,NA,patch_reef,lagoon,FALSE,NA,Alan Friedlander,NA
COL_2022_uvs_028,COL_2022,uvs,Bajo Nuevo,Bajo Nuevo,NA,2022-04-12,09:30:00,15.89661,-78.65769,NA,fore_reef,channel,FALSE,NA,Alan Friedlander,NA
COL_2022_uvs_029,COL_2022,uvs,Bajo Nuevo,Bajo Nuevo,NA,2022-04-12,11:30:00,15.88268,-78.65158,NA,patch_reef,lagoon,FALSE,NA,Alan Friedlander,NA
COL_2022_uvs_030,COL_2022,uvs,Bajo Nuevo,Bajo Nuevo,NA,2022-04-12,16:00:00,15.86179,-78.68062,NA,patch_reef,lagoon,FALSE,NA,Alan Friedlander,NA
COL_2022_uvs_031,COL_2022,uvs,Bajo Nuevo,Bajo Nuevo,NA,2022-04-13,09:00:00,15.89085,-78.64668,NA,fore_reef,channel,FALSE,NA,Alan Friedlander,NA
COL_2022_uvs_032,COL_2022,uvs,Bajo Nuevo,Bajo Nuevo,NA,2022-04-13,11:30:00,15.8528,-78.66281,NA,patch_reef,lagoon,FALSE,NA,Alan Friedlander,NA
COL_2022_uvs_033,COL_2022,uvs,Bajo Nuevo,Bajo Nuevo,NA,2022-04-13,16:00:00,15.84348,-78.67989,NA,patch_reef,lagoon,FALSE,NA,Alan Friedlander,NA
COL_2022_uvs_034,COL_2022,uvs,Bajo Nuevo,Bajo Nuevo,NA,2022-04-14,10:19:00,15.91324,-78.56733,NA,patch_reef,lagoon,FALSE,NA,Alan Friedlander,NA
COL_2022_uvs_035,COL_2022,uvs,Bajo Nuevo,Bajo Nuevo,NA,2022-04-14,13:00:00,15.89064,-78.64276,NA,fore_reef,channel,FALSE,NA,Alan Friedlander,NA
COL_2022_uvs_036,COL_2022,uvs,Serranilla,Serranilla,NA,2022-04-15,13:30:00,15.81995,-79.84394,NA,patch_reef,lagoon,FALSE,NA,Alan Friedlander,NA
COL_2022_uvs_037,COL_2022,uvs,Serranilla,Serranilla,NA,2022-04-15,15:30:00,15.79122,-79.84983,NA,fringing_reef,unknown,FALSE,NA,Alan Friedlander,NA
COL_2022_uvs_038,COL_2022,uvs,Serranilla,Serranilla,NA,2022-04-16,08:20:00,15.79338,-79.84024,NA,fore_reef,unknown,FALSE,NA,Alan Friedlander,NA
COL_2022_uvs_039,COL_2022,uvs,Serranilla,Serranilla,NA,2022-04-16,11:30:00,15.79213,-79.8452,NA,fringing_reef,unknown,FALSE,NA,Alan Friedlander,NA
COL_2022_uvs_040,COL_2022,uvs,Serranilla,Serranilla,NA,2022-04-16,15:20:00,15.7972,-79.8509,NA,patch_reef,lagoon,FALSE,NA,Alan Friedlander,NA
COL_2022_uvs_041,COL_2022,uvs,Serranilla,Serranilla,NA,2022-04-17,09:00:00,15.8119,-79.8414,NA,fore_reef,unknown,FALSE,NA,Alan Friedlander,NA
COL_2022_uvs_042,COL_2022,uvs,Serranilla,Serranilla,NA,2022-04-17,11:00:00,15.80596,-79.83941,NA,fore_reef,unknown,FALSE,NA,Alan Friedlander,NA
COL_2022_uvs_043,COL_2022,uvs,Serranilla,Serranilla,NA,2022-04-17,16:00:00,15.79182,-79.84908,NA,fringing_reef,unknown,FALSE,NA,Alan Friedlander,NA
COL_2022_uvs_044,COL_2022,uvs,Serranilla,Serranilla,NA,2022-04-18,09:00:00,15.79138,-79.846,NA,fringing_reef,unknown,FALSE,NA,Alan Friedlander,NA
COL_2022_uvs_045,COL_2022,uvs,Serranilla,Serranilla,NA,2022-04-18,12:00:00,15.80386,-79.85239,NA,seagrass,lagoon,FALSE,NA,Alan Friedlander,NA
COL_2022_uvs_046,COL_2022,uvs,Serranilla,Serranilla,NA,2022-04-19,09:00:00,15.7934,-79.85183,NA,fringing_reef,unknown,FALSE,NA,Alan Friedlander,NA
CAN_2022_uvs_001,CAN_2022,uvs,Torngats,Nachvak fjord,NA,2022-07-12,NA,59.03127,-63.77455,NA,bedrock | sediment,unknown,FALSE,NA,Alan Friedlander,NA
CAN_2022_uvs_002,CAN_2022,uvs,Torngats,Nachvak fjord,NA,2022-07-13,NA,59.13102,-63.40442,NA,kelp_forest,unknown,FALSE,NA,Alan Friedlander,NA
CAN_2022_uvs_003,CAN_2022,uvs,Torngats,Nachvak fjord,NA,2022-07-13,15:30:00,59.13102,-63.34765,NA,kelp_forest,unknown,FALSE,NA,Alan Friedlander,NA
CAN_2022_uvs_004,CAN_2022,uvs,Torngats,Nachvak fjord,NA,2022-07-14,10:30:00,59.09444,-63.39218,NA,bedrock | boulder,unknown,FALSE,NA,Alan Friedlander,NA
CAN_2022_uvs_005,CAN_2022,uvs,Torngats,Nachvak fjord,NA,2022-07-14,17:30:00,59.1154,-63.40326,NA,bedrock | boulder,unknown,FALSE,NA,Alan Friedlander,NA
CAN_2022_uvs_006,CAN_2022,uvs,Torngats,Nachvak fjord,NA,2022-07-15,NA,59.12051,-63.4165,NA,kelp_forest,unknown,FALSE,NA,Alan Friedlander,NA
CAN_2022_uvs_007,CAN_2022,uvs,Torngats,Nachvak fjord,NA,2022-07-16,14:30:00,59.06824,-63.88668,NA,bedrock | sediment,unknown,FALSE,NA,Alan Friedlander,NA
CAN_2022_uvs_008,CAN_2022,uvs,Torngats,Nachvak fjord,NA,2022-07-17,11:00:00,59.05313,-63.89593,NA,bedrock | sediment,unknown,FALSE,NA,Alan Friedlander,NA
CAN_2022_uvs_009,CAN_2022,uvs,Torngats,Nachvak fjord,NA,2022-07-17,16:15:00,59.07116,-63.96187,NA,cobble | gravel,unknown,FALSE,NA,Alan Friedlander,NA
CAN_2022_uvs_010,CAN_2022,uvs,Torngats,Nachvak fjord,NA,2022-07-18,09:45:00,59.01674,-63.90056,NA,bedrock | sediment,unknown,FALSE,NA,Alan Friedlander,NA
CAN_2022_uvs_011,CAN_2022,uvs,Torngats,Nachvak fjord,NA,2022-07-18,14:00:00,58.9815,-63.88013,NA,bedrock | sediment,unknown,FALSE,NA,Alan Friedlander,NA
CAN_2022_uvs_012,CAN_2022,uvs,Torngats,Nachvak fjord,NA,2022-07-19,10:00:00,59.04661,-63.75187,NA,bedrock | sediment,unknown,FALSE,NA,Alan Friedlander,NA
CAN_2022_uvs_013,CAN_2022,uvs,Torngats,Nachvak fjord,NA,2022-07-19,14:30:00,59.02526,-63.7125,NA,bedrock | sediment,unknown,FALSE,NA,Alan Friedlander,NA
CAN_2022_uvs_014,CAN_2022,uvs,Hudson Bay,Hubbard point,NA,2022-07-26,11:00:00,59.36361,-94.64713,NA,bedrock | boulder,unknown,FALSE,NA,Alan Friedlander,rocks and algae
CAN_2022_uvs_015,CAN_2022,uvs,Hudson Bay,Hubbard point,NA,2022-07-26,04:30:00,59.34907,-94.65719,NA,bedrock | boulder,unknown,FALSE,NA,Alan Friedlander,rocks and algae
CAN_2022_uvs_016,CAN_2022,uvs,Hudson Bay,Hubbard point,NA,2022-07-27,10:45:00,59.36794,-94.64557,NA,bedrock | boulder,unknown,FALSE,NA,Alan Friedlander,slope of boulders and kelp
CAN_2022_uvs_017,CAN_2022,uvs,Hudson Bay,Hubbard point,NA,2022-07-27,17:00:00,59.36007,-94.64724,NA,bedrock | boulder,unknown,FALSE,NA,Alan Friedlander,rocks and algae
CAN_2022_uvs_018,CAN_2022,uvs,Hudson Bay,Hubbard point,NA,2022-07-28,09:30:00,59.36781,-94.64601,NA,bedrock | boulder,unknown,FALSE,NA,Alan Friedlander,Boulders
CAN_2022_uvs_019,CAN_2022,uvs,James Bay,Spencer island,NA,2022-08-01,NA,53.49633,-79.72542,NA,bedrock | boulder,unknown,FALSE,NA,Alan Friedlander,Algae covered rocks
CAN_2022_uvs_020,CAN_2022,uvs,James Bay,Spencer island,NA,2022-08-01,NA,53.5103,-79.69925,NA,bedrock | boulder,unknown,FALSE,NA,Alan Friedlander,rock and cobble
CAN_2022_uvs_021,CAN_2022,uvs,James Bay,North Twin island,NA,2022-08-04,NA,53.30143,-79.91567,NA,sand,unknown,FALSE,NA,Alan Friedlander,sand with tunicates
CAN_2022_uvs_022,CAN_2022,uvs,James Bay,North Twin island,NA,2022-08-04,NA,53.37383,-79.91619,NA,cobble | gravel,unknown,FALSE,NA,Alan Friedlander,algae covered rocks and sand
CAN_2022_uvs_023,CAN_2022,uvs,James Bay,South Twin island,NA,2022-08-07,12:00:00,53.11772,-79.79668,NA,cobble | gravel,unknown,FALSE,NA,Alan Friedlander,algae on rocks
CAN_2022_uvs_024,CAN_2022,uvs,James Bay,South Twin island,NA,2022-08-07,16:30:00,53.13634,-79.80767,NA,cobble | gravel,unknown,FALSE,NA,Alan Friedlander,red filamentous algae covered rocks and sand
CAN_2022_uvs_025,CAN_2022,uvs,Arqvilliit,Gilmour island,NA,2022-08-12,11:00:00,59.77515,-80.12112,NA,cobble | gravel,unknown,FALSE,NA,Alan Friedlander,NA
CAN_2022_uvs_026,CAN_2022,uvs,Arqvilliit,Gilmour island,NA,2022-08-12,15:00:00,59.77665,-80.14835,NA,bedrock | sediment,unknown,FALSE,NA,Alan Friedlander,NA
CAN_2022_uvs_027,CAN_2022,uvs,Arqvilliit,Gilmour island,NA,2022-08-13,09:00:00,59.79448,-80.00396,NA,bedrock | boulder,unknown,FALSE,NA,Alan Friedlander,NA
CAN_2022_uvs_028,CAN_2022,uvs,Arqvilliit,Gilmour island,NA,2022-08-13,15:30:00,59.79456,-80.0039,NA,bedrock | boulder,unknown,FALSE,NA,Alan Friedlander,NA
CAN_2022_uvs_029,CAN_2022,uvs,Arqvilliit,Gilmour island,NA,2022-08-14,10:00:00,59.79051,-80.01056,NA,bedrock | boulder,unknown,FALSE,NA,Alan Friedlander,NA
CAN_2022_uvs_030,CAN_2022,uvs,Arqvilliit,Gilmour island,NA,2022-08-14,15:30:00,59.72182,-80.1526,NA,bedrock | sediment,unknown,FALSE,NA,Alan Friedlander,NA
CAN_2022_uvs_031,CAN_2022,uvs,Arqvilliit,Gordon island,NA,2022-08-15,09:30:00,59.65465,-80.54384,NA,bedrock | boulder,unknown,FALSE,NA,Alan Friedlander,NA
CAN_2022_uvs_032,CAN_2022,uvs,Arqvilliit,Gordon island,NA,2022-08-15,15:30:00,59.68742,-80.50132,NA,cobble | gravel,unknown,FALSE,NA,Alan Friedlander,NA
CAN_2022_uvs_033,CAN_2022,uvs,Arqvilliit,Eddy island,NA,2022-08-16,09:30:00,59.45269,-80.50756,NA,cobble | gravel,unknown,FALSE,NA,Alan Friedlander,NA
CAN_2022_uvs_034,CAN_2022,uvs,Arqvilliit,Eddy island,NA,2022-08-16,15:30:00,59.46886,-80.48871,NA,bedrock | boulder,unknown,FALSE,NA,Alan Friedlander,NA
CAN_2022_uvs_035,CAN_2022,uvs,Arqvilliit,Eddy island,NA,2022-08-17,09:30:00,59.43833,-80.52198,NA,bedrock | boulder,unknown,FALSE,NA,Alan Friedlander,NA
CAN_2022_uvs_036,CAN_2022,uvs,Arqvilliit,Eddy island,NA,2022-08-17,16:00:00,59.43622,-80.51022,NA,bedrock | boulder,unknown,FALSE,NA,Alan Friedlander,NA
CAN_2022_uvs_037,CAN_2022,uvs,Arqvilliit,House island,NA,2022-08-18,09:30:00,59.43617,-80.51028,NA,bedrock | boulder,unknown,FALSE,NA,Alan Friedlander,NA
CAN_2022_uvs_038,CAN_2022,uvs,Arqvilliit,House island,NA,2022-08-18,16:00:00,59.31357,-80.56504,NA,bedrock | boulder,unknown,FALSE,NA,Alan Friedlander,NA
CAN_2022_uvs_039,CAN_2022,uvs,Arqvilliit,Tenth island,NA,2022-08-19,09:30:00,59.08485,-80.54381,NA,bedrock | boulder,unknown,FALSE,NA,Alan Friedlander,NA
CAN_2022_uvs_040,CAN_2022,uvs,Arqvilliit,Waters island,NA,2022-08-19,14:30:00,59.07669,-80.57549,NA,cobble | gravel,unknown,FALSE,NA,Alan Friedlander,NA
CHL_2020_uvs_001,CHL_2020,uvs,Kawesqar,Carlos Iii,Carlos Iii,2020-02-22,15:30:00,-53.65508,-72.24965,NA,kelp_forest,sheltered,FALSE,NA,Alan Friedlander,"Dayton site, modest kelp forest, sea lion colony, no kelp data"
CHL_2020_uvs_002,CHL_2020,uvs,Kawesqar,Isla Carreta,Isla Carreta,2020-02-23,10:00:00,-52.68623,-73.76532,NA,kelp_forest,sheltered,FALSE,NA,Alan Friedlander,"Shallow kelp bed, bottom covered with mussles, steep dropoff"
CHL_2020_uvs_003,CHL_2020,uvs,Kawesqar,Estero Blakeney,Estero Blakeney,2020-02-23,15:52:00,-52.5336,-73.69129,NA,kelp_forest,sheltered,FALSE,NA,Alan Friedlander,"Shallow kelp bed, mussles, lots of detached kelp"
CHL_2020_uvs_004,CHL_2020,uvs,Kawesqar,Baverstock,Baverstock,2020-02-24,09:52:00,-52.26223,-73.67389,NA,kelp_forest,sheltered,FALSE,NA,Alan Friedlander,"Shallow kelp bed, lots of ephiphytes on kelp, mussles covering bottom"
CHL_2020_uvs_005,CHL_2020,uvs,Kawesqar,Baverstock,Baverstock,2020-02-24,15:30:00,-52.27186,-73.67281,NA,kelp_forest,sheltered,FALSE,NA,Alan Friedlander,"Shallow kelp bed, steep slope, gorgonians and sponges deep at 20-25m"
CHL_2020_uvs_006,CHL_2020,uvs,Kawesqar,Isla De Los Lobos,Isla De Los Lobos,2020-02-25,10:00:00,-51.554,-74.727,NA,kelp_forest,sheltered,FALSE,NA,Alan Friedlander,"Narrow kelp bed in channel between 2 small isalnds, healthy Macrocystys, no Lessonia, few inverts"
CHL_2020_uvs_007,CHL_2020,uvs,Kawesqar,Isla De Los Lobos,Isla De Los Lobos,2020-02-25,15:20:00,-51.548,-74.774,NA,kelp_forest,sheltered,FALSE,NA,Alan Friedlander,"Narrow kelp band, steep dropoff, coldwater corals, sponges, gorgonians at 20-30 m"
CHL_2020_uvs_008,CHL_2020,uvs,Kawesqar,Isla Caceres,Isla Caceres,2020-02-26,10:00:00,-51.61106,-74.51337,NA,kelp_forest,sheltered,FALSE,NA,Alan Friedlander,"Small kelp bed between several islands, shallow, thin bed, juvenile kelp, fronds brittle"
CHL_2020_uvs_009,CHL_2020,uvs,Kawesqar,Isla Mitchell,Isla Mitchell,2020-02-26,16:00:00,-51.63713,-74.51511,NA,kelp_forest,sheltered,FALSE,NA,Alan Friedlander,"Narrow kelp bed, Lessonia understory, fonds healthier, fewer epiphytes."
CHL_2020_uvs_010,CHL_2020,uvs,Kawesqar,Isla Gaeta,Isla Gaeta,2020-02-27,09:00:00,-50.48067,-75.19792,NA,kelp_forest,sheltered,FALSE,NA,Alan Friedlander,"Very narrow and shallow kelp band, steep dropoff, some kelp fronds encrusted, some healthy"
CHL_2020_uvs_011,CHL_2020,uvs,Kawesqar,Isla Gaeta,Isla Gaeta,2020-02-27,15:30:00,-50.46669,-75.19367,NA,kelp_forest,sheltered,FALSE,NA,Alan Friedlander,"Small kelp forest around several rockys, ca. 100 m from shore, sparse kelp, many king crabs and squat lobsters"
CHL_2020_uvs_012,CHL_2020,uvs,Kawesqar,Poca Esperanza,Poca Esperanza,2020-03-01,10:00:00,-52.09842,-72.97665,NA,kelp_forest,sheltered,FALSE,NA,Alan Friedlander,"Extremely narrow and shallow kelp bed, kelp was sunken and brittle, mussel beds below that decending to steep slope, fine silt, erect finger sponges below 20m"
CHL_2020_uvs_013,CHL_2020,uvs,Kawesqar,Poca Esperanza,Poca Esperanza,2020-03-01,14:00:00,-52.1481,-73.01184,NA,kelp_forest,sheltered,FALSE,NA,Alan Friedlander,"Extremely narrow and shallow kelp bed, kelp was sunken and brittle, mussel beds below that decending to steep slope, fine silt, erect finger sponges below 20m"
CHL_2020_uvs_014,CHL_2020,uvs,Kawesqar,Isla Vancouver,Isla Vancouver,2020-03-02,10:00:00,-51.36396,-74.11274,NA,kelp_forest,sheltered,FALSE,NA,Alan Friedlander,"Shallow kelp beds around rocky islets. Relatively well developed down to 8-10m, numerous king crabs"
CHL_2020_uvs_015,CHL_2020,uvs,Kawesqar,Isla Vancouver,Isla Vancouver,2020-03-02,14:00:00,-51.36337,-74.12335,NA,kelp_forest,sheltered,FALSE,NA,Alan Friedlander,"Shallow kelp beds around rocky islets. Relatively well developed down to 8-10m, numerous king crabs"
CHL_2020_uvs_016,CHL_2020,uvs,Kawesqar,Isla Hunter,Isla Hunter,2020-03-03,10:00:00,-51.99383,-73.80051,NA,kelp_forest,sheltered,FALSE,NA,Alan Friedlander,Moderately well developed kelp forest down to 10m. Understory covered with mussles and sponges
CHL_2020_uvs_017,CHL_2020,uvs,Kawesqar,Isla Hunter,Isla Hunter,2020-03-03,15:30:00,-51.9635,-73.85129,NA,kelp_forest,sheltered,FALSE,NA,Alan Friedlander,Well developed kelp forest down to 10m. Understory covered with mussles and sponges
CHL_2020_uvs_018,CHL_2020,uvs,Kawesqar,Peninsula Benson,Peninsula Benson,2020-03-04,10:00:00,-52.04312,-73.55032,NA,kelp_forest,sheltered,FALSE,NA,Alan Friedlander,Well developed kelp forest down to 10m. Understory covered with mussles and sponges
CHL_2020_uvs_019,CHL_2020,uvs,Kawesqar,Peninsula Benson,Peninsula Benson,2020-03-04,15:30:00,-52.05474,-73.53085,NA,kelp_forest,sheltered,FALSE,NA,Alan Friedlander,Well developed kelp forest down to 10m. Understory covered with mussles and sponges
CHL_2020_uvs_020,CHL_2020,uvs,Kawesqar,Bahia Woodward,Bahia Woodward,2020-03-05,10:00:00,-52.9748,-74.03841,NA,kelp_forest,exposed,FALSE,NA,Alan Friedlander,"Robust, healthy kelp forest down to 15m. Understory of Lessonia. Lots of barren space. Slope down to 40m."
CHL_2020_uvs_021,CHL_2020,uvs,Kawesqar,Faro Felix,Faro Felix,2020-03-05,15:30:00,-52.96322,-74.05077,NA,kelp_forest,exposed,FALSE,NA,Alan Friedlander,Extensive kelp forests surrounds a series of wash rocks offshore from Faro Felix. Exposed to swell. Rocks bare. Lessonia spp. shallow and deep down to 20m but not in understory.
CHL_2020_uvs_022,CHL_2020,uvs,Kawesqar,Carlos Iii,Carlos Iii,2020-03-06,10:00:00,-53.65443,-72.24907,NA,kelp_forest,sheltered,FALSE,NA,Alan Friedlander,"Dayton site, modest kelp forest, sea lion colony"
CHL_2020_uvs_023,CHL_2020,uvs,Kawesqar,Isla Rupert,Isla Rupert,2020-03-06,15:30:00,-53.65649,-72.22204,NA,kelp_forest,sheltered,FALSE,NA,Alan Friedlander,"Small islet, modest kelp forest, bottomnearly completely covered with Lessonia spp."
CHL_2020_uvs_024,CHL_2020,uvs,Kawesqar,Isla Duntze,Isla Duntze,2020-03-07,10:00:00,-54.30683,-71.78844,NA,kelp_forest,sheltered,FALSE,NA,Alan Friedlander,Moderately developed kelp forest down to 10m. Understory bare with a few urchins and seastars. Steep wall to 35 m
CHL_2020_uvs_025,CHL_2020,uvs,Kawesqar,Isla Duntze,Isla Duntze,2020-03-07,15:00:00,-54.31249,-71.78905,NA,kelp_forest,sheltered,FALSE,NA,Alan Friedlander,Moderately developed kelp forest down to 10m. Understory bare with a few urchins and seastars. Steep wall to 35 m
CRI_2019_uvs_012,CRI_2019,uvs,Osa Peninsula,Corcovado coast,Cabo Matapalo,2019-03-15,09:00:00,8.37229,-83.29377,NA,rocky_reef,unknown,FALSE,NA,Alan Friedlander,"Scattered rocks, abort after 1 transect, large ground swell"
CRI_2019_uvs_013,CRI_2019,uvs,Osa Peninsula,Corcovado coast,Cabo Matapalo,2019-03-15,11:00:00,8.3687,-83.28733,NA,rocky_reef,unknown,FALSE,NA,Alan Friedlander,NA
CRI_2019_uvs_014,CRI_2019,uvs,Osa Peninsula,Corcovado coast,Roca Corcovado,2019-03-16,09:00:00,8.50798,-83.66988,NA,rocky_reef,unknown,FALSE,NA,Alan Friedlander,NA
CRI_2019_uvs_015,CRI_2019,uvs,Osa Peninsula,Corcovado coast,Roca Corcovado,2019-03-16,11:00:00,8.505,-83.667,NA,rocky_reef,unknown,FALSE,NA,Alan Friedlander,NA
CRI_2019_uvs_016,CRI_2019,uvs,Osa Peninsula,Corcovado coast,San Pedrillo,2019-03-17,09:00:00,8.60536,-83.74113,NA,rocky_reef,unknown,TRUE,No-take,Alan Friedlander,NA
CRI_2019_uvs_017,CRI_2019,uvs,Osa Peninsula,Corcovado coast,San Josecito,2019-03-17,11:00:00,8.638,-83.7374,NA,rocky_reef,unknown,FALSE,NA,Alan Friedlander,NA
CRI_2019_uvs_026,CRI_2019,uvs,Osa Peninsula,Corcovado coast,Punta Llorona,2019-03-22,09:30:00,8.58146,-83.72174,NA,rocky_reef,unknown,TRUE,No-take,Alan Friedlander,Punta Lloruna
CRI_2019_uvs_001,CRI_2019,uvs,Osa Peninsula,Isla del Caño,Isla del Caño,2019-03-11,10:30:00,8.71033,-83.89585,NA,rocky_reef,unknown,TRUE,No-take,Alan Friedlander,NA
CRI_2019_uvs_002,CRI_2019,uvs,Osa Peninsula,Isla del Caño,Isla del Caño,2019-03-11,15:00:00,8.71834,-83.87643,NA,rocky_reef,unknown,TRUE,No-take,Alan Friedlander,NA
CRI_2019_uvs_003,CRI_2019,uvs,Osa Peninsula,Isla del Caño,Isla del Caño,2019-03-12,10:00:00,8.69711,-83.89093,NA,rocky_reef,unknown,TRUE,No-take,Alan Friedlander,NA
CRI_2019_uvs_004,CRI_2019,uvs,Osa Peninsula,Isla del Caño,Isla del Caño,2019-03-12,12:00:00,8.6951,-83.87769,NA,rocky_reef,unknown,TRUE,No-take,Alan Friedlander,NA
CRI_2019_uvs_005,CRI_2019,uvs,Osa Peninsula,Isla del Caño,Isla del Caño,2019-03-12,16:00:00,8.71165,-83.86414,NA,rocky_reef,unknown,TRUE,No-take,Alan Friedlander,NA
CRI_2019_uvs_006,CRI_2019,uvs,Osa Peninsula,Isla del Caño,Isla del Caño,2019-03-13,09:00:00,8.69982,-83.8658,NA,rocky_reef,unknown,TRUE,No-take,Alan Friedlander,NA
CRI_2019_uvs_008,CRI_2019,uvs,Osa Peninsula,Isla del Caño,Isla del Caño,2019-03-13,15:30:00,8.71446,-83.88185,NA,rocky_reef,unknown,TRUE,No-take,Alan Friedlander,NA
CRI_2019_uvs_010,CRI_2019,uvs,Osa Peninsula,Isla del Caño,Isla del Caño,2019-03-14,12:00:00,8.70609,-83.86473,NA,rocky_reef,unknown,TRUE,No-take,Alan Friedlander,NA
CRI_2019_uvs_011,CRI_2019,uvs,Osa Peninsula,Isla del Caño,Isla del Caño,2019-03-14,15:30:00,8.71369,-83.89156,NA,rocky_reef,unknown,TRUE,No-take,Alan Friedlander,NA
CRI_2019_uvs_020,CRI_2019,uvs,Osa Peninsula,Isla del Caño,Isla del Caño,2019-03-18,16:00:00,8.7022,-83.89783,NA,rocky_reef,unknown,TRUE,No-take,Alan Friedlander,NA
CRI_2019_uvs_021,CRI_2019,uvs,Osa Peninsula,Isla del Caño,Isla del Caño,2019-03-19,09:00:00,8.71911,-83.86627,NA,rocky_reef,unknown,TRUE,No-take,Alan Friedlander,NA
CRI_2019_uvs_022,CRI_2019,uvs,Osa Peninsula,Isla del Caño,Isla del Caño,2019-03-19,11:00:00,8.70533,-83.89727,NA,rocky_reef,unknown,TRUE,No-take,Alan Friedlander,NA
CRI_2019_uvs_023,CRI_2019,uvs,Osa Peninsula,Isla del Caño,Isla del Caño,2019-03-19,16:30:00,8.71336,-83.881,NA,rocky_reef,unknown,TRUE,No-take,Alan Friedlander,NA
CRI_2019_uvs_024,CRI_2019,uvs,Osa Peninsula,Isla del Caño,Isla del Caño,2019-03-20,11:00:00,8.69939,-83.87039,NA,rocky_reef,unknown,TRUE,No-take,Alan Friedlander,NA
CRI_2019_uvs_018,CRI_2019,uvs,Osa Peninsula,Isla del Caño,Bajo Matador,2019-03-18,09:00:00,8.70035,-83.91883,Bajo Matador,bank,unknown,TRUE,No-take,Alan Friedlander,Bajo matador
CRI_2019_uvs_007,CRI_2019,uvs,Osa Peninsula,Isla del Caño,Bajo del Diablo,2019-03-13,11:00:00,8.701,-83.91454,Bajo del Diablo,bank,unknown,TRUE,No-take,Alan Friedlander,Bajo diablo
CRI_2019_uvs_019,CRI_2019,uvs,Osa Peninsula,Isla del Caño,Bajo del Diablo,2019-03-18,11:00:00,8.702,-83.9145,Bajo del Diablo,bank,unknown,TRUE,No-take,Alan Friedlander,Bajo diablo
CRI_2019_uvs_025,CRI_2019,uvs,Osa Peninsula,Isla del Caño,Bajo del Diablo,2019-03-21,08:30:00,8.705,-83.92,Bajo del Diablo,bank,unknown,TRUE,No-take,Alan Friedlander,Bajo diablo
CRI_2019_uvs_009,CRI_2019,uvs,Osa Peninsula,Isla del Caño,Paraiso,2019-03-14,10:00:00,8.73156,-83.83295,Paraiso,bank,unknown,FALSE,NA,Alan Friedlander,Paridiso
ANT_2019_uvs_001,ANT_2019,uvs,Western Antarctic Peninsula,King George,"Neebles Point, Filders Bay",2019-01-09,16:00:00,-62.18454,-58.85469,NA,rocky_reef,unknown,NA,NA,Alan Friedlander,"Rocky platform, diverse marcoalgae, low viz"
ANT_2019_uvs_002,ANT_2019,uvs,Western Antarctic Peninsula,King George,"Caleta Potter, Isla Laggerville",2019-01-10,09:30:00,-62.22517,-58.64332,NA,rocky_reef,unknown,NA,NA,Alan Friedlander,"Lagger's long-term site, ice scoured islet, post-glacier retreat"
ANT_2019_uvs_003,ANT_2019,uvs,Western Antarctic Peninsula,King George,"Caleta Potter, rocky point",2019-01-12,16:30:00,-62.23775,-58.71587,NA,rocky_reef,unknown,NA,NA,Alan Friedlander,"Rocky point, shallow platform, macroalgae dominated"
ANT_2019_uvs_004,ANT_2019,uvs,Western Antarctic Peninsula,Deception,Whalers Bay,2019-01-13,09:40:00,-62.98817,-60.55503,NA,soft_bottom,unknown,NA,NA,Alan Friedlander,"Gently sloping soft sediment, brittle stars & sea stars"
ANT_2019_uvs_005,ANT_2019,uvs,Western Antarctic Peninsula,Deception,Whalers Bay,2019-01-13,16:00:00,-62.99129,-60.56218,NA,rocky_reef,unknown,NA,NA,Alan Friedlander,"Soft sed transiting to steep rocky wall, sponges, soft corals"
ANT_2019_uvs_006,ANT_2019,uvs,Western Antarctic Peninsula,"Antarctic Peninsula, Danco Coast","Paradise Bay, small islet",2019-01-15,09:40:00,-64.80598,-62.82034,NA,rocky_reef,unknown,NA,NA,Alan Friedlander,Gentle slope with macroalgae
ANT_2019_uvs_007,ANT_2019,uvs,Western Antarctic Peninsula,"Antarctic Peninsula, Danco Coast","Paradise Bay, Brown Base",2019-01-15,15:00:00,-64.89789,-62.87297,NA,wall,unknown,NA,NA,Alan Friedlander,"Vertical wall, diatoms & macroalgae, >40m sponges"
ANT_2019_uvs_008,ANT_2019,uvs,Western Antarctic Peninsula,"Antarctic Peninsula, Danco Coast","Primavera Base, Ceirva Cove",2019-01-16,14:30:00,-64.14478,-60.98933,NA,rocky_reef,unknown,NA,NA,Alan Friedlander,Small Islet (Penguin highway)
ANT_2019_uvs_009,ANT_2019,uvs,Western Antarctic Peninsula,"Antarctic Peninsula, Gerlache Strait",Wilhelmina Bay,2019-01-17,10:00:00,-64.58289,-62.20288,NA,wall,unknown,NA,NA,Alan Friedlander,"Vertical wall, islet in middle of bay"
ANT_2019_uvs_010,ANT_2019,uvs,Western Antarctic Peninsula,"Antarctic Peninsula, Gerlache Strait",Wilhelmina Bay,2019-01-17,15:30:00,-64.58366,-62.19958,NA,wall,unknown,NA,NA,Alan Friedlander,"Vertical wall, islet in middle of bay, close to 1st dive"
ANT_2019_uvs_011,ANT_2019,uvs,Western Antarctic Peninsula,"Antarctic Peninsula, Gerlache Strait",Cuverville Island,2019-01-18,08:00:00,-64.68349,-62.61346,NA,wall,unknown,NA,NA,Alan Friedlander,"Sloping wall off rocky point, algae transition to inverts > 30m"
ANT_2019_uvs_013,ANT_2019,uvs,Western Antarctic Peninsula,Deception,Roca Nueva,2019-01-19,15:30:00,-63.00716,-60.7356,NA,pinnacle_reef,unknown,NA,NA,Alan Friedlander,"Exposed rock with pinancles, div macroalgae, surge"
ANT_2019_uvs_012,ANT_2019,uvs,Western Antarctic Peninsula,Deception,Whalers Bay,2019-01-19,10:15:00,-62.98866,-60.55726,NA,soft_bottom,unknown,NA,NA,Alan Friedlander,"Gently sloping soft sediment, brittle stars & sea stars, whale bones"
ANT_2019_uvs_014,ANT_2019,uvs,Western Antarctic Peninsula,King George,Admiralty Bay,2019-01-20,11:00:00,-62.16598,-58.43845,NA,wall,unknown,NA,NA,Alan Friedlander,"Small rock at mouth of bay, diverse invert community on wall below 30 m"
PRT_2018_uvs_001,PRT_2018,uvs,Azores,Pico,NA,2018-06-03,10:20:00,38.45763,-28.15773,NA,rocky_reef,unknown,FALSE,NA,Alan Friedlander,NA
PRT_2018_uvs_003,PRT_2018,uvs,Azores,Pico,NA,2018-06-03,12:20:00,38.4674,-28.19367,NA,rocky_reef,unknown,FALSE,NA,Alan Friedlander,NA
PRT_2018_uvs_005,PRT_2018,uvs,Azores,Pico,NA,2018-06-03,15:50:00,38.49562,-28.23657,NA,rocky_reef,unknown,FALSE,NA,Alan Friedlander,NA
PRT_2018_uvs_007,PRT_2018,uvs,Azores,Pico,NA,2018-06-04,09:37:00,38.40566,-28.22441,NA,rocky_reef,unknown,FALSE,NA,Alan Friedlander,NA
PRT_2018_uvs_009,PRT_2018,uvs,Azores,Pico,NA,2018-06-04,11:30:00,38.5008,-28.24051,NA,rocky_reef,unknown,FALSE,NA,Alan Friedlander,NA
PRT_2018_uvs_011,PRT_2018,uvs,Azores,Pico,NA,2018-06-04,15:00:00,38.50844,-28.28715,NA,rocky_reef,unknown,FALSE,NA,Alan Friedlander,NA
PRT_2018_uvs_013,PRT_2018,uvs,Azores,Pico,NA,2018-06-05,08:30:00,38.53579,-28.325,NA,rocky_reef,unknown,FALSE,NA,Alan Friedlander,NA
PRT_2018_uvs_015,PRT_2018,uvs,Azores,Pico,NA,2018-06-05,10:30:00,38.54416,-28.35036,NA,rocky_reef,unknown,FALSE,NA,Alan Friedlander,NA
PRT_2018_uvs_017,PRT_2018,uvs,Azores,Flores,NA,2018-06-07,09:00:00,39.42574,-31.13756,NA,rocky_reef,unknown,FALSE,NA,Alan Friedlander,NA
PRT_2018_uvs_019,PRT_2018,uvs,Azores,Flores,NA,2018-06-07,11:00:00,39.40609,-31.14747,NA,rocky_reef,unknown,FALSE,NA,Alan Friedlander,NA
PRT_2018_uvs_021,PRT_2018,uvs,Azores,Flores,NA,2018-06-07,15:15:00,39.37188,-31.18594,NA,rocky_reef,unknown,FALSE,NA,Alan Friedlander,NA
PRT_2018_uvs_023,PRT_2018,uvs,Azores,Flores,NA,2018-06-08,09:30:00,39.48326,-31.14752,NA,rocky_reef,unknown,FALSE,NA,Alan Friedlander,NA
PRT_2018_uvs_025,PRT_2018,uvs,Azores,Flores,NA,2018-06-08,11:15:00,39.46517,-31.13111,NA,rocky_reef,unknown,FALSE,NA,Alan Friedlander,NA
PRT_2018_uvs_027,PRT_2018,uvs,Azores,Flores,NA,2018-06-08,15:20:00,39.37485,-31.24727,NA,rocky_reef,unknown,FALSE,NA,Alan Friedlander,NA
PRT_2018_uvs_029,PRT_2018,uvs,Azores,Flores,NA,2018-06-09,09:40:00,39.39676,-31.25925,NA,rocky_reef,unknown,FALSE,NA,Alan Friedlander,NA
PRT_2018_uvs_031,PRT_2018,uvs,Azores,Flores,NA,2018-06-09,11:50:00,39.44964,-31.27242,NA,rocky_reef,unknown,FALSE,NA,Alan Friedlander,NA
PRT_2018_uvs_033,PRT_2018,uvs,Azores,Flores,NA,2018-06-09,14:10:00,39.49425,-31.2603,NA,rocky_reef,unknown,FALSE,NA,Alan Friedlander,NA
PRT_2018_uvs_035,PRT_2018,uvs,Azores,Corvo,NA,2018-06-10,10:00:00,39.70206,-31.07973,NA,rocky_reef,unknown,FALSE,NA,Alan Friedlander,NA
PRT_2018_uvs_037,PRT_2018,uvs,Azores,Corvo,NA,2018-06-10,12:00:00,39.68344,-31.08387,NA,rocky_reef,unknown,FALSE,NA,Alan Friedlander,NA
PRT_2018_uvs_039,PRT_2018,uvs,Azores,Corvo,NA,2018-06-10,16:00:00,39.67299,-31.12734,NA,rocky_reef,unknown,FALSE,NA,Alan Friedlander,NA
PRT_2018_uvs_041,PRT_2018,uvs,Azores,Corvo,NA,2018-06-11,10:00:00,39.72664,-31.12111,NA,rocky_reef,unknown,FALSE,NA,Alan Friedlander,NA
PRT_2018_uvs_043,PRT_2018,uvs,Azores,Corvo,NA,2018-06-11,12:00:00,39.69558,-31.13229,NA,rocky_reef,unknown,FALSE,NA,Alan Friedlander,NA
PRT_2018_uvs_045,PRT_2018,uvs,Azores,Corvo,NA,2018-06-11,16:20:00,39.72297,-31.0934,NA,rocky_reef,unknown,FALSE,NA,Alan Friedlander,NA
PRT_2018_uvs_047,PRT_2018,uvs,Azores,Corvo,NA,2018-06-12,09:05:00,39.66798,-31.11415,NA,rocky_reef,unknown,TRUE,NA,Alan Friedlander,NA
PRT_2018_uvs_049,PRT_2018,uvs,Azores,Corvo,NA,2018-06-12,10:40:00,39.6812,-31.12258,NA,rocky_reef,unknown,FALSE,NA,Alan Friedlander,NA
PRT_2018_uvs_051,PRT_2018,uvs,Azores,Corvo,NA,2018-06-12,14:30:00,39.68368,-31.08919,NA,rocky_reef,unknown,FALSE,NA,Alan Friedlander,NA
PRT_2018_uvs_053,PRT_2018,uvs,Azores,Corvo,NA,2018-06-13,09:40:00,39.73011,-31.10605,NA,rocky_reef,unknown,FALSE,NA,Alan Friedlander,NA
PRT_2018_uvs_055,PRT_2018,uvs,Azores,Corvo,NA,2018-06-13,11:30:00,39.71389,-31.08304,NA,rocky_reef,unknown,FALSE,NA,Alan Friedlander,NA
PRT_2018_uvs_057,PRT_2018,uvs,Azores,Corvo,NA,2018-06-13,16:00:00,39.67225,-31.10577,NA,rocky_reef,unknown,FALSE,NA,Alan Friedlander,NA
PRT_2018_uvs_059,PRT_2018,uvs,Azores,Flores,NA,2018-06-14,09:30:00,39.50861,-31.19501,NA,rocky_reef,unknown,FALSE,NA,Alan Friedlander,NA
PRT_2018_uvs_061,PRT_2018,uvs,Azores,Flores,NA,2018-06-14,11:30:00,39.5043,-31.15714,NA,rocky_reef,unknown,FALSE,NA,Alan Friedlander,NA
PRT_2018_uvs_063,PRT_2018,uvs,Azores,Flores,NA,2018-06-14,16:50:00,39.38753,-31.15576,NA,rocky_reef,unknown,FALSE,NA,Alan Friedlander,NA
PRT_2018_uvs_065,PRT_2018,uvs,Azores,Flores,NA,2018-06-16,11:00:00,39.35303,-31.25759,NA,rocky_reef,unknown,FALSE,NA,Alan Friedlander,NA
PRT_2018_uvs_067,PRT_2018,uvs,Azores,Flores,NA,2018-06-16,17:00:00,39.35303,-31.25759,NA,rocky_reef,unknown,FALSE,NA,Alan Friedlander,NA
PRT_2018_uvs_069,PRT_2018,uvs,Azores,Flores,NA,2018-06-17,11:30:00,39.42574,-31.13756,NA,rocky_reef,unknown,FALSE,NA,Alan Friedlander,NA
PRT_2018_uvs_071,PRT_2018,uvs,Azores,Flores,NA,2018-06-17,17:10:00,39.35968,-31.19576,NA,rocky_reef,unknown,FALSE,NA,Alan Friedlander,NA
PRT_2018_uvs_073,PRT_2018,uvs,Azores,Flores,NA,2018-06-18,10:30:00,39.42574,-31.13756,NA,rocky_reef,unknown,FALSE,NA,Alan Friedlander,NA
PRT_2018_uvs_075,PRT_2018,uvs,Azores,Princess Alice,NA,2018-06-20,13:00:00,39.02,-29.33,NA,rocky_reef,unknown,FALSE,NA,Alan Friedlander,NA
PRT_2018_uvs_077,PRT_2018,uvs,Azores,Pico,NA,2018-06-21,09:30:00,38.41132,-28.02661,NA,rocky_reef,unknown,TRUE,Paper park,Alan Friedlander,NA
PRT_2018_uvs_079,PRT_2018,uvs,Azores,Pico,NA,2018-06-21,11:30:00,38.40777,-28.03835,NA,rocky_reef,unknown,TRUE,Paper park,Alan Friedlander,NA
PRT_2018_uvs_081,PRT_2018,uvs,Azores,Pico,NA,2018-06-21,15:30:00,38.40536,-28.05366,NA,rocky_reef,unknown,TRUE,Paper park,Alan Friedlander,NA
PRT_2018_uvs_083,PRT_2018,uvs,Azores,Pico,NA,2018-06-22,10:30:00,38.39461,-28.09691,NA,rocky_reef,unknown,FALSE,NA,Alan Friedlander,NA
PRT_2018_uvs_085,PRT_2018,uvs,Azores,Pico,NA,2018-06-22,12:15:00,38.40624,-28.15815,NA,rocky_reef,unknown,FALSE,NA,Alan Friedlander,NA
PRT_2018_uvs_087,PRT_2018,uvs,Azores,Pico,NA,2018-06-22,15:45:00,38.4015,-28.06902,NA,rocky_reef,unknown,FALSE,NA,Alan Friedlander,NA
PRT_2018_uvs_089,PRT_2018,uvs,Azores,Faial,Monte da Guia,2018-06-23,08:30:00,38.51579,-28.6272,NA,rocky_reef,unknown,TRUE,NA,Alan Friedlander,NA
PRT_2018_uvs_091,PRT_2018,uvs,Azores,Faial,Monte da Guia,2018-06-23,10:30:00,38.52026,-28.61968,NA,rocky_reef,unknown,TRUE,NA,Alan Friedlander,NA
FRA_2016_uvs_001,FRA_2016,uvs,Clipperton,Clipperton,NA,2016-03-13,11:30:00,10.2923,-109.22709,NA,fore_reef,leeward,FALSE,NA,Alan Friedlander,NA
FRA_2016_uvs_002,FRA_2016,uvs,Clipperton,Clipperton,NA,2016-03-13,13:50:00,10.29899,-109.23338,NA,fore_reef,leeward,FALSE,NA,Alan Friedlander,NA
FRA_2016_uvs_003,FRA_2016,uvs,Clipperton,Clipperton,NA,2016-03-14,08:40:00,10.30706,-109.23773,NA,fore_reef,leeward,FALSE,NA,Alan Friedlander,NA
FRA_2016_uvs_004,FRA_2016,uvs,Clipperton,Clipperton,NA,2016-03-14,10:45:00,10.32106,-109.22913,NA,fore_reef,windward,FALSE,NA,Alan Friedlander,NA
FRA_2016_uvs_005,FRA_2016,uvs,Clipperton,Clipperton,NA,2016-03-14,16:20:00,10.28457,-109.2103,NA,fore_reef,leeward,FALSE,NA,Alan Friedlander,NA
FRA_2016_uvs_006,FRA_2016,uvs,Clipperton,Clipperton,NA,2016-03-15,13:50:00,10.31494,-109.21211,NA,fore_reef,windward,FALSE,NA,Alan Friedlander,NA
FRA_2016_uvs_007,FRA_2016,uvs,Clipperton,Clipperton,NA,2016-03-15,16:30:00,10.30358,-109.19796,NA,fore_reef,windward,FALSE,NA,Alan Friedlander,NA
FRA_2016_uvs_008,FRA_2016,uvs,Clipperton,Clipperton,NA,2016-03-16,11:30:00,10.29423,-109.20042,NA,fore_reef,windward,FALSE,NA,Alan Friedlander,NA
FRA_2016_uvs_009,FRA_2016,uvs,Clipperton,Clipperton,NA,2016-03-16,14:50:00,10.28636,-109.22016,NA,fore_reef,leeward,FALSE,NA,Alan Friedlander,NA
FRA_2016_uvs_010,FRA_2016,uvs,Clipperton,Clipperton,NA,2016-03-17,09:20:00,10.31207,-109.20273,NA,fore_reef,windward,FALSE,NA,Alan Friedlander,NA
FRA_2016_uvs_011,FRA_2016,uvs,Clipperton,Clipperton,NA,2016-03-17,11:20:00,10.29929,-109.19892,NA,fore_reef,windward,FALSE,NA,Alan Friedlander,NA
FRA_2016_uvs_012,FRA_2016,uvs,Clipperton,Clipperton,NA,2016-03-17,16:00:00,10.28839,-109.20377,NA,fore_reef,leeward,FALSE,NA,Alan Friedlander,NA
FRA_2016_uvs_013,FRA_2016,uvs,Clipperton,Clipperton,NA,2016-03-19,08:30:00,10.31539,-109.23615,NA,fore_reef,leeward,FALSE,NA,Alan Friedlander,NA
FRA_2016_uvs_014,FRA_2016,uvs,Clipperton,Clipperton,NA,2016-03-19,10:30:00,10.31713,-109.21667,NA,fore_reef,windward,FALSE,NA,Alan Friedlander,NA
PRT_2015_uvs_001,PRT_2015,uvs,Selvagens,Selvagem Grande,NA,2015-09-06,NA,30.15503,-15.87079,NA,rocky_reef,unknown,TRUE,NA,Alan Friedlander,NA
PRT_2015_uvs_002,PRT_2015,uvs,Selvagens,Selvagem Grande,NA,2015-09-06,NA,30.16137,-15.87577,NA,rocky_reef,unknown,TRUE,NA,Alan Friedlander,NA
PRT_2015_uvs_003,PRT_2015,uvs,Selvagens,Selvagem Grande,NA,2015-09-06,NA,30.15506,-15.85177,NA,rocky_reef,unknown,TRUE,NA,Alan Friedlander,NA
PRT_2015_uvs_004,PRT_2015,uvs,Selvagens,Selvagem Pequena,NA,2015-09-07,NA,30.03743,-16.02005,NA,rocky_reef,unknown,TRUE,NA,Alan Friedlander,NA
PRT_2015_uvs_005,PRT_2015,uvs,Selvagens,Selvagem Pequena,NA,2015-09-07,NA,30.04027,-16.02938,NA,rocky_reef,unknown,TRUE,NA,Alan Friedlander,NA
PRT_2015_uvs_006,PRT_2015,uvs,Selvagens,Selvagem Pequena,NA,2015-09-07,NA,30.03288,-16.0225,NA,rocky_reef,unknown,TRUE,NA,Alan Friedlander,NA
PRT_2015_uvs_007,PRT_2015,uvs,Selvagens,Selvagem Pequena,NA,2015-09-08,NA,30.06321,-16.04126,NA,rocky_reef,unknown,TRUE,NA,Alan Friedlander,NA
PRT_2015_uvs_008,PRT_2015,uvs,Selvagens,Selvagem Pequena,NA,2015-09-08,NA,30.0571,-16.04051,NA,rocky_reef,unknown,TRUE,NA,Alan Friedlander,NA
PRT_2015_uvs_009,PRT_2015,uvs,Selvagens,Selvagem Pequena,NA,2015-09-08,NA,30.05721,-16.0496,NA,rocky_reef,unknown,TRUE,NA,Alan Friedlander,NA
PRT_2015_uvs_010,PRT_2015,uvs,Selvagens,Selvagem Pequena,NA,2015-09-09,NA,30.04973,-16.05405,NA,rocky_reef,unknown,TRUE,NA,Alan Friedlander,NA
PRT_2015_uvs_011,PRT_2015,uvs,Selvagens,Selvagem Pequena,NA,2015-09-09,NA,30.03508,-16.05608,NA,rocky_reef,unknown,TRUE,NA,Alan Friedlander,NA
PRT_2015_uvs_012,PRT_2015,uvs,Selvagens,Selvagem Pequena,NA,2015-09-09,NA,30.02843,-16.05731,NA,rocky_reef,unknown,TRUE,NA,Alan Friedlander,NA
PRT_2015_uvs_013,PRT_2015,uvs,Selvagens,Selvagem Pequena,NA,2015-09-10,NA,30.02548,-16.04824,NA,rocky_reef,unknown,TRUE,NA,Alan Friedlander,NA
PRT_2015_uvs_014,PRT_2015,uvs,Selvagens,Selvagem Pequena,NA,2015-09-10,NA,30.01959,-16.03149,NA,rocky_reef,unknown,TRUE,NA,Alan Friedlander,NA
PRT_2015_uvs_015,PRT_2015,uvs,Selvagens,Selvagem Pequena,NA,2015-09-10,NA,30.02962,-16.01961,NA,rocky_reef,unknown,TRUE,NA,Alan Friedlander,NA
PRT_2015_uvs_016,PRT_2015,uvs,Selvagens,Selvagem Grande,NA,2015-09-11,NA,30.14995,-15.85514,NA,rocky_reef,unknown,TRUE,NA,Alan Friedlander,NA
PRT_2015_uvs_017,PRT_2015,uvs,Selvagens,Selvagem Grande,NA,2015-09-11,NA,30.14548,-15.85511,NA,rocky_reef,unknown,TRUE,NA,Alan Friedlander,NA
PRT_2015_uvs_018,PRT_2015,uvs,Selvagens,Selvagem Grande,NA,2015-09-11,NA,30.13626,-15.85488,NA,rocky_reef,unknown,TRUE,NA,Alan Friedlander,NA
PRT_2015_uvs_019,PRT_2015,uvs,Selvagens,Selvagem Grande,NA,2015-09-12,NA,30.13434,-15.86291,NA,rocky_reef,unknown,TRUE,NA,Alan Friedlander,NA
PRT_2015_uvs_020,PRT_2015,uvs,Selvagens,Selvagem Grande,NA,2015-09-12,NA,30.134,-15.8703,NA,rocky_reef,unknown,TRUE,NA,Alan Friedlander,NA
PRT_2015_uvs_021,PRT_2015,uvs,Selvagens,Selvagem Grande,NA,2015-09-12,NA,30.14009,-15.87603,NA,rocky_reef,unknown,TRUE,NA,Alan Friedlander,NA
PRT_2015_uvs_022,PRT_2015,uvs,Selvagens,Selvagem Grande,NA,2015-09-13,NA,30.15214,-15.87411,NA,rocky_reef,unknown,TRUE,NA,Alan Friedlander,NA
PRT_2015_uvs_023,PRT_2015,uvs,Selvagens,Selvagem Grande,NA,2015-09-13,NA,30.14006,-15.8901,NA,rocky_reef,unknown,TRUE,NA,Alan Friedlander,NA
PRT_2015_uvs_024,PRT_2015,uvs,Selvagens,Selvagem Grande,NA,2015-09-13,NA,30.14887,-15.87758,NA,rocky_reef,unknown,TRUE,NA,Alan Friedlander,NA
PRT_2015_uvs_025,PRT_2015,uvs,Selvagens,Selvagem Grande,NA,2015-09-14,NA,30.15678,-15.88536,NA,rocky_reef,unknown,TRUE,NA,Alan Friedlander,NA
PRT_2015_uvs_026,PRT_2015,uvs,Selvagens,Selvagem Grande,NA,2015-09-14,NA,30.15118,-15.88097,NA,rocky_reef,unknown,TRUE,NA,Alan Friedlander,NA
PRT_2015_uvs_027,PRT_2015,uvs,Selvagens,Selvagem Grande,NA,2015-09-14,NA,30.14529,-15.87686,NA,rocky_reef,unknown,TRUE,NA,Alan Friedlander,NA
PRT_2015_uvs_028,PRT_2015,uvs,Selvagens,Selvagem Grande,NA,2015-09-15,NA,30.16403,-15.84251,NA,rocky_reef,unknown,TRUE,NA,Alan Friedlander,NA
PRT_2015_uvs_029,PRT_2015,uvs,Selvagens,Selvagem Grande,NA,2015-09-16,NA,30.14131,-15.85316,NA,rocky_reef,unknown,TRUE,NA,Alan Friedlander,NA
SYC_2015_uvs_001,SYC_2015,uvs,Aldabra Group,Assumption,NA,2015-03-13,08:54:00,-9.73358,46.53286,NA,fore_reef,windward,FALSE,NA,Alan Friedlander,NA
SYC_2015_uvs_002,SYC_2015,uvs,Aldabra Group,Assumption,NA,2015-03-13,11:48:00,-9.75804,46.48949,NA,fore_reef,windward,FALSE,NA,Alan Friedlander,NA
SYC_2015_uvs_003,SYC_2015,uvs,Aldabra Group,Assumption,NA,2015-03-13,14:45:00,-9.70974,46.53444,NA,fore_reef,windward,FALSE,NA,Alan Friedlander,NA
SYC_2015_uvs_004,SYC_2015,uvs,Aldabra Group,Assumption,NA,2015-03-14,08:25:00,-9.69326,46.526,NA,fore_reef,leeward,FALSE,NA,Alan Friedlander,NA
SYC_2015_uvs_005,SYC_2015,uvs,Aldabra Group,Assumption,NA,2015-03-14,11:30:00,-9.7045,46.51059,NA,fore_reef,leeward,FALSE,NA,Alan Friedlander,NA
SYC_2015_uvs_006,SYC_2015,uvs,Aldabra Group,Assumption,NA,2015-03-14,14:10:00,-9.73301,46.49564,NA,fore_reef,leeward,FALSE,NA,Alan Friedlander,NA
SYC_2015_uvs_007,SYC_2015,uvs,Aldabra Group,Cosmoledo,NA,2015-03-15,09:40:00,-9.65893,47.56776,NA,fore_reef,leeward,FALSE,NA,Alan Friedlander,NA
SYC_2015_uvs_008,SYC_2015,uvs,Aldabra Group,Cosmoledo,NA,2015-03-15,11:45:00,-9.68979,47.55089,NA,fore_reef,leeward,FALSE,NA,Alan Friedlander,NA
SYC_2015_uvs_009,SYC_2015,uvs,Aldabra Group,Cosmoledo,NA,2015-03-15,16:00:00,-9.70052,47.52287,NA,fore_reef,leeward,FALSE,NA,Alan Friedlander,NA
SYC_2015_uvs_010,SYC_2015,uvs,Aldabra Group,Cosmoledo,NA,2015-03-16,08:45:00,-9.77359,47.56754,NA,fore_reef,windward,FALSE,NA,Alan Friedlander,NA
SYC_2015_uvs_011,SYC_2015,uvs,Aldabra Group,Cosmoledo,NA,2015-03-16,10:45:00,-9.74668,47.53112,NA,fore_reef,windward,FALSE,NA,Alan Friedlander,NA
SYC_2015_uvs_012,SYC_2015,uvs,Aldabra Group,Cosmoledo,NA,2015-03-16,13:15:00,-9.7339,47.50298,NA,fore_reef,windward,FALSE,NA,Alan Friedlander,NA
SYC_2015_uvs_013,SYC_2015,uvs,Aldabra Group,Cosmoledo,NA,2015-03-17,11:15:00,-9.69972,47.65162,NA,fore_reef,windward,FALSE,NA,Alan Friedlander,NA
SYC_2015_uvs_014,SYC_2015,uvs,Aldabra Group,Cosmoledo,NA,2015-03-17,13:45:00,-9.67984,47.62634,NA,fore_reef,windward,FALSE,NA,Alan Friedlander,NA
SYC_2015_uvs_015,SYC_2015,uvs,Aldabra Group,Cosmoledo,NA,2015-03-17,15:45:00,-9.6644,47.59676,NA,fore_reef,windward,FALSE,NA,Alan Friedlander,NA
SYC_2015_uvs_016,SYC_2015,uvs,Aldabra Group,Cosmoledo,NA,2015-03-18,10:00:00,-9.77803,47.58504,NA,fore_reef,windward,FALSE,NA,Alan Friedlander,NA
SYC_2015_uvs_017,SYC_2015,uvs,Aldabra Group,Cosmoledo,NA,2015-03-18,13:00:00,-9.67034,47.6095,NA,fore_reef,windward,FALSE,NA,Alan Friedlander,NA
SYC_2015_uvs_018,SYC_2015,uvs,Aldabra Group,Cosmoledo,NA,2015-03-18,15:15:00,-9.69872,47.53884,NA,fore_reef,leeward,FALSE,NA,Alan Friedlander,NA
SYC_2015_uvs_019,SYC_2015,uvs,Aldabra Group,Astove,NA,2015-03-19,09:30:00,-10.07967,47.76941,NA,fore_reef,windward,FALSE,NA,Alan Friedlander,NA
SYC_2015_uvs_020,SYC_2015,uvs,Aldabra Group,Astove,NA,2015-03-19,11:30:00,-10.04942,47.74343,NA,fore_reef,windward,FALSE,NA,Alan Friedlander,NA
SYC_2015_uvs_021,SYC_2015,uvs,Aldabra Group,Astove,NA,2015-03-19,14:00:00,-10.08776,47.71737,NA,fore_reef,leeward,FALSE,NA,Alan Friedlander,NA
SYC_2015_uvs_022,SYC_2015,uvs,Aldabra Group,Astove,NA,2015-03-19,16:00:00,-10.06523,47.73561,NA,fore_reef,leeward,FALSE,NA,Alan Friedlander,NA
SYC_2015_uvs_023,SYC_2015,uvs,Aldabra Group,Astove,NA,2015-03-20,11:30:00,-10.11513,47.73837,NA,fore_reef,windward,FALSE,NA,Alan Friedlander,NA
SYC_2015_uvs_024,SYC_2015,uvs,Aldabra Group,Astove,NA,2015-03-20,13:30:00,-10.1082,47.7624,NA,fore_reef,windward,FALSE,NA,Alan Friedlander,NA
SYC_2015_uvs_025,SYC_2015,uvs,Aldabra Group,Astove,NA,2015-03-20,15:40:00,-10.06567,47.76029,NA,fore_reef,windward,FALSE,NA,Alan Friedlander,NA
SYC_2015_uvs_026,SYC_2015,uvs,Aldabra Group,Aldabra,NA,2015-03-21,14:40:00,-9.43466,46.20617,NA,fore_reef,leeward,TRUE,NA,Alan Friedlander,NA
SYC_2015_uvs_027,SYC_2015,uvs,Aldabra Group,Aldabra,NA,2015-03-22,09:12:00,-9.37008,46.44956,NA,fore_reef,windward,TRUE,NA,Alan Friedlander,NA
SYC_2015_uvs_028,SYC_2015,uvs,Aldabra Group,Aldabra,NA,2015-03-22,11:20:00,-9.36306,46.39054,NA,fore_reef,windward,TRUE,NA,Alan Friedlander,NA
SYC_2015_uvs_029,SYC_2015,uvs,Aldabra Group,Aldabra,NA,2015-03-22,13:30:00,-9.36603,46.33141,NA,fore_reef,windward,TRUE,NA,Alan Friedlander,NA
SYC_2015_uvs_030,SYC_2015,uvs,Aldabra Group,Aldabra,NA,2015-03-23,09:10:00,-9.49621,46.26834,NA,fore_reef,windward,TRUE,NA,Alan Friedlander,NA
SYC_2015_uvs_031,SYC_2015,uvs,Aldabra Group,Aldabra,NA,2015-03-23,11:20:00,-9.48624,46.22887,NA,fore_reef,windward,TRUE,NA,Alan Friedlander,NA
SYC_2015_uvs_032,SYC_2015,uvs,Aldabra Group,Aldabra,NA,2015-03-23,13:30:00,-9.46268,46.21811,NA,fore_reef,windward,TRUE,NA,Alan Friedlander,NA
SYC_2015_uvs_033,SYC_2015,uvs,Aldabra Group,Aldabra,NA,2015-03-24,09:00:00,-9.36693,46.28516,NA,fore_reef,windward,TRUE,NA,Alan Friedlander,NA
SYC_2015_uvs_034,SYC_2015,uvs,Aldabra Group,Aldabra,NA,2015-03-24,11:15:00,-9.36762,46.24856,NA,fore_reef,leeward,TRUE,NA,Alan Friedlander,NA
SYC_2015_uvs_035,SYC_2015,uvs,Aldabra Group,Aldabra,NA,2015-03-24,13:45:00,-9.36941,46.2228,NA,fore_reef,leeward,TRUE,NA,Alan Friedlander,NA
SYC_2015_uvs_036,SYC_2015,uvs,Aldabra Group,Aldabra,NA,2015-03-25,09:20:00,-9.45725,46.38795,NA,fore_reef,windward,TRUE,NA,Alan Friedlander,NA
SYC_2015_uvs_037,SYC_2015,uvs,Aldabra Group,Aldabra,NA,2015-03-25,11:30:00,-9.45176,46.42526,NA,fore_reef,windward,TRUE,NA,Alan Friedlander,NA
SYC_2015_uvs_038,SYC_2015,uvs,Aldabra Group,Aldabra,NA,2015-03-25,13:30:00,-9.48766,46.3084,NA,fore_reef,leeward,TRUE,NA,Alan Friedlander,NA
PYF_2014_uvs_013,PYF_2014,uvs,Austral Islands,Marotiri,NA,2014-10-23,14:00:00,-27.88784,-143.49669,NA,fore_reef,unknown,FALSE,NA,Alan Friedlander,NA
PYF_2014_uvs_020,PYF_2014,uvs,Austral Islands,Marotiri,NA,2014-10-26,08:45:00,-27.89125,-143.50934,NA,fore_reef,unknown,FALSE,NA,Alan Friedlander,NA
PYF_2014_uvs_021,PYF_2014,uvs,Austral Islands,Marotiri,NA,2014-10-26,11:10:00,-27.89824,-143.49069,NA,fore_reef,unknown,FALSE,NA,Alan Friedlander,NA
PYF_2014_uvs_022,PYF_2014,uvs,Austral Islands,Marotiri,NA,2014-10-26,14:30:00,-27.87691,-143.48808,NA,fore_reef,unknown,FALSE,NA,Alan Friedlander,NA
PYF_2014_uvs_023,PYF_2014,uvs,Austral Islands,Marotiri,NA,2014-10-27,08:40:00,-27.87809,-143.48949,NA,fore_reef,unknown,FALSE,NA,Alan Friedlander,NA
PYF_2014_uvs_024,PYF_2014,uvs,Austral Islands,Marotiri,NA,2014-10-27,10:40:00,-27.90103,-143.49217,NA,fore_reef,unknown,FALSE,NA,Alan Friedlander,NA
PYF_2014_uvs_025,PYF_2014,uvs,Austral Islands,Marotiri,NA,2014-10-27,14:30:00,-27.88935,-143.49376,NA,fore_reef,unknown,FALSE,NA,Alan Friedlander,NA
PYF_2014_uvs_001,PYF_2014,uvs,Austral Islands,Rapa Iti,NA,2014-10-18,13:00:00,-27.58859,-144.38426,NA,fore_reef,unknown,FALSE,NA,Alan Friedlander,NA
PYF_2014_uvs_002,PYF_2014,uvs,Austral Islands,Rapa Iti,NA,2014-10-19,08:20:00,-27.59991,-144.38278,NA,fore_reef,unknown,FALSE,NA,Alan Friedlander,NA
PYF_2014_uvs_003,PYF_2014,uvs,Austral Islands,Rapa Iti,NA,2014-10-19,11:00:00,-27.61617,-144.38904,NA,fore_reef,unknown,FALSE,NA,Alan Friedlander,NA
PYF_2014_uvs_004,PYF_2014,uvs,Austral Islands,Rapa Iti,NA,2014-10-19,14:45:00,-27.62485,-144.3714,NA,fore_reef,unknown,FALSE,NA,Alan Friedlander,NA
PYF_2014_uvs_010,PYF_2014,uvs,Austral Islands,Rapa Iti,NA,2014-10-22,08:30:00,-27.56772,-144.32782,NA,fore_reef,unknown,FALSE,NA,Alan Friedlander,NA
PYF_2014_uvs_014,PYF_2014,uvs,Austral Islands,Rapa Iti,NA,2014-10-24,09:00:00,-27.56792,-144.36162,NA,fore_reef,unknown,FALSE,NA,Alan Friedlander,NA
PYF_2014_uvs_015,PYF_2014,uvs,Austral Islands,Rapa Iti,NA,2014-10-24,11:00:00,-27.57592,-144.3746,NA,fore_reef,unknown,FALSE,NA,Alan Friedlander,NA
PYF_2014_uvs_017,PYF_2014,uvs,Austral Islands,Rapa Iti,NA,2014-10-25,09:10:00,-27.63484,-144.36368,NA,fore_reef,unknown,FALSE,NA,Alan Friedlander,NA
PYF_2014_uvs_018,PYF_2014,uvs,Austral Islands,Rapa Iti,NA,2014-10-25,11:00:00,-27.63964,-144.34438,NA,fore_reef,unknown,FALSE,NA,Alan Friedlander,NA
PYF_2014_uvs_019,PYF_2014,uvs,Austral Islands,Rapa Iti,NA,2014-10-25,15:30:00,-27.56274,-144.34163,NA,fore_reef,unknown,FALSE,NA,Alan Friedlander,NA
PYF_2014_uvs_026,PYF_2014,uvs,Austral Islands,Rapa Iti,NA,2014-10-28,09:00:00,-27.64874,-144.33017,NA,fore_reef,unknown,FALSE,NA,Alan Friedlander,NA
PYF_2014_uvs_029,PYF_2014,uvs,Austral Islands,Rapa Iti,NA,2014-10-29,11:30:00,-27.57382,-144.31963,NA,fore_reef,unknown,FALSE,NA,Alan Friedlander,NA
PYF_2014_uvs_005,PYF_2014,uvs,Austral Islands,Rapa Iti,NA,2014-10-20,14:30:00,-27.62307,-144.30283,NA,fore_reef,unknown,TRUE,Rahui,Alan Friedlander,NA
PYF_2014_uvs_006,PYF_2014,uvs,Austral Islands,Rapa Iti,NA,2014-10-20,16:30:00,-27.63592,-144.30521,NA,fore_reef,unknown,TRUE,Rahui,Alan Friedlander,NA
PYF_2014_uvs_007,PYF_2014,uvs,Austral Islands,Rapa Iti,NA,2014-10-21,08:30:00,-27.64345,-144.3053,NA,fore_reef,unknown,TRUE,Rahui,Alan Friedlander,NA
PYF_2014_uvs_008,PYF_2014,uvs,Austral Islands,Rapa Iti,NA,2014-10-21,10:30:00,-27.62801,-144.30853,NA,fore_reef,unknown,TRUE,Rahui,Alan Friedlander,NA
PYF_2014_uvs_009,PYF_2014,uvs,Austral Islands,Rapa Iti,NA,2014-10-21,14:30:00,-27.60746,-144.30089,NA,fore_reef,unknown,TRUE,Rahui,Alan Friedlander,NA
PYF_2014_uvs_011,PYF_2014,uvs,Austral Islands,Rapa Iti,NA,2014-10-22,10:30:00,-27.57783,-144.31178,NA,fore_reef,unknown,TRUE,Rahui,Alan Friedlander,NA
PYF_2014_uvs_012,PYF_2014,uvs,Austral Islands,Rapa Iti,NA,2014-10-22,14:30:00,-27.591,-144.30356,NA,fore_reef,unknown,TRUE,Rahui,Alan Friedlander,NA
PYF_2014_uvs_016,PYF_2014,uvs,Austral Islands,Rapa Iti,NA,2014-10-24,15:30:00,-27.60066,-144.30594,NA,fore_reef,unknown,TRUE,Rahui,Alan Friedlander,NA
PYF_2014_uvs_027,PYF_2014,uvs,Austral Islands,Rapa Iti,NA,2014-10-28,10:40:00,-27.64833,-144.3121,NA,fore_reef,unknown,TRUE,Rahui,Alan Friedlander,NA
PYF_2014_uvs_028,PYF_2014,uvs,Austral Islands,Rapa Iti,NA,2014-10-29,09:15:00,-27.61147,-144.3342,NA,fore_reef,unknown,TRUE,Rahui,Alan Friedlander,NA
PLW_2014_uvs_001,PLW_2014,uvs,Palau,Ngederrak,Ngederrak,2014-09-02,15:45:00,7.29447,134.48029,NA,back_reef,unknown,TRUE,NA,Alan Friedlander,"Reef rubble, sparse seagrass"
PLW_2014_uvs_002,PLW_2014,uvs,Palau,Ngederrak,Ngederrak,2014-09-03,08:45:00,7.28185,134.47235,NA,fore_reef,unknown,TRUE,NA,Alan Friedlander,"Slope, rubble, moderate relief"
PLW_2014_uvs_003,PLW_2014,uvs,Palau,Ngederrak,Ngederrak,2014-09-03,10:00:00,7.2855,134.47586,NA,fore_reef,unknown,TRUE,NA,Alan Friedlander,"Slope, rubble, moderate relief"
PLW_2014_uvs_004,PLW_2014,uvs,Palau,Ngederrak,Ngederrak,2014-09-03,11:30:00,7.28832,134.47876,NA,fore_reef,unknown,TRUE,NA,Alan Friedlander,"Slope, rubble, moderate relief"
PLW_2014_uvs_005,PLW_2014,uvs,Palau,Ngederrak,Ngederrak,2014-09-03,15:30:00,7.28328,134.46596,NA,back_reef,unknown,TRUE,NA,Alan Friedlander,"Mix coral heads, pavement"
PLW_2014_uvs_006,PLW_2014,uvs,Palau,Ngederrak,Ngederrak,2014-09-03,16:40:00,7.28675,134.47359,NA,back_reef,unknown,TRUE,NA,Alan Friedlander,"Mix coral heads, pavement"
PLW_2014_uvs_007,PLW_2014,uvs,Palau,Ngederrak,Lighthouse,2014-09-04,08:45:00,7.27295,134.46091,NA,fore_reef,unknown,FALSE,NA,Alan Friedlander,"Slope, rubble, moderate relief"
PLW_2014_uvs_008,PLW_2014,uvs,Palau,Ngederrak,Lighthouse,2014-09-04,10:00:00,7.27295,134.45729,NA,fore_reef,unknown,FALSE,NA,Alan Friedlander,"Slope, high relief"
PLW_2014_uvs_009,PLW_2014,uvs,Palau,Ngederrak,Lighthouse,2014-09-04,11:25:00,7.27888,134.46445,NA,fore_reef,unknown,FALSE,NA,Alan Friedlander,"Slope, rubble, moderate relief"
PLW_2014_uvs_010,PLW_2014,uvs,Palau,Ngederrak,Lighthouse,2014-09-04,14:08:00,7.27229,134.46306,NA,back_reef,unknown,FALSE,NA,Alan Friedlander,"Mod coral cover, mixed with sand"
PLW_2014_uvs_011,PLW_2014,uvs,Palau,Ngederrak,Lighthouse,2014-09-04,15:10:00,7.28096,134.45807,NA,back_reef,unknown,FALSE,NA,Alan Friedlander,"High coral cover, small scale relief"
PLW_2014_uvs_012,PLW_2014,uvs,Palau,Ngederrak,Lighthouse,2014-09-04,16:15:00,7.27849,134.45807,NA,back_reef,unknown,FALSE,NA,Alan Friedlander,"High coral cover, small scale relief"
PLW_2014_uvs_013,PLW_2014,uvs,Palau,Ngemelis,Ngemelis,2014-09-05,09:00:00,7.13668,134.2206,Blue Corner,fore_reef,unknown,TRUE,NA,Alan Friedlander,"Blue Corner, wall, high relief"
PLW_2014_uvs_014,PLW_2014,uvs,Palau,Ngemelis,Ngemelis,2014-09-05,11:15:00,7.1122,134.24088,Fairy Land,fore_reef,unknown,TRUE,NA,Alan Friedlander,"Fairyland, slope, high coral cover"
PLW_2014_uvs_015,PLW_2014,uvs,Palau,Ngemelis,Ngemelis,2014-09-05,14:30:00,7.13344,134.22334,Clarence Wall,fore_reef,unknown,TRUE,NA,Alan Friedlander,"Clarence's Wall, slope, soft corals"
PLW_2014_uvs_016,PLW_2014,uvs,Palau,Ngemelis,Ngemelis,2014-09-05,16:30:00,7.11812,134.23683,Virgin Blue Hole,fore_reef,unknown,TRUE,NA,Alan Friedlander,"Virgin Blue Hole, slope, high coral cover"
PLW_2014_uvs_017,PLW_2014,uvs,Palau,Ngemelis,Ngemelis,2014-09-06,08:20:00,7.10017,134.24828,Big Drop Off,fore_reef,unknown,TRUE,NA,Alan Friedlander,"Big Dropoff, wall, high relief"
PLW_2014_uvs_018,PLW_2014,uvs,Palau,Ngemelis,Ngemelis,2014-09-06,10:45:00,7.10333,134.23854,New Drop Off,fore_reef,unknown,TRUE,NA,Alan Friedlander,"New Dropoff, wall, high relief"
PLW_2014_uvs_019,PLW_2014,uvs,Palau,Ngemelis,Ngemelis,2014-09-06,14:30:00,7.10435,134.27118,Barnum's Wall,fore_reef,unknown,FALSE,NA,Alan Friedlander,"Barnum Wall, slope"
PLW_2014_uvs_020,PLW_2014,uvs,Palau,Ngemelis,Ngemelis,2014-09-06,16:30:00,7.12006,134.27042,German Channel,fore_reef,unknown,TRUE,NA,Alan Friedlander,"German Channel, high coral cover"
PLW_2014_uvs_021,PLW_2014,uvs,Palau,Ngemelis,Ngemelis_outside,2014-09-07,08:55:00,7.16569,134.22299,Front of 70 Islands,fore_reef,unknown,FALSE,NA,Alan Friedlander,"Slope, high coral cover"
PLW_2014_uvs_022,PLW_2014,uvs,Palau,Ngemelis,Ngemelis_outside,2014-09-07,10:51:00,7.1495,134.22385,North Blue Hole,fore_reef,unknown,TRUE,NA,Alan Friedlander,"Slope, high coral cover"
PLW_2014_uvs_023,PLW_2014,uvs,Palau,Ngemelis,Ngemelis_outside,2014-09-07,14:20:00,7.08769,134.2572,Turtle Cove,fore_reef,unknown,FALSE,NA,Alan Friedlander,"Slope, high coral cover"
PLW_2014_uvs_024,PLW_2014,uvs,Palau,Ngemelis,Ngemelis_outside,2014-09-07,16:30:00,7.0786,134.26085,Ngedebus Wall,fore_reef,unknown,FALSE,NA,Alan Friedlander,"Slope, high coral cover"
PLW_2014_uvs_025,PLW_2014,uvs,Palau,Ngemelis,Ngemelis_outside,2014-09-08,09:00:00,7.19165,134.21257,Wall South Shark City 1,fore_reef,unknown,FALSE,NA,Alan Friedlander,"Slope, high coral cover"
PLW_2014_uvs_026,PLW_2014,uvs,Palau,Ngemelis,Ngemelis_outside,2014-09-08,11:00:00,7.21261,134.20844,Wall South Shark City 2,fore_reef,unknown,FALSE,NA,Alan Friedlander,"Slope, high coral cover"
PLW_2014_uvs_027,PLW_2014,uvs,Palau,Ngemelis,Ngemelis_outside,2014-09-08,13:00:00,7.22552,134.20531,Wall South Shark City 3,fore_reef,unknown,FALSE,NA,Alan Friedlander,"Slope, high coral cover"
PLW_2014_uvs_028,PLW_2014,uvs,Palau,Ngemelis,Ngemelis_outside,2014-09-08,15:10:00,7.18682,134.21352,Wall South Shark City 4,fore_reef,unknown,FALSE,NA,Alan Friedlander,"Slope, high coral cover"
PLW_2014_uvs_029,PLW_2014,uvs,Palau,Ngerumekaol,Ulong,2014-09-10,07:30:00,7.28361,134.24603,Channel 1,fore_reef,unknown,TRUE,NA,Alan Friedlander,"Channel mouth, tide still incoming"
PLW_2014_uvs_030,PLW_2014,uvs,Palau,Ngerumekaol,Ulong,2014-09-10,09:30:00,7.27514,134.24435,Outside 1,fore_reef,unknown,TRUE,NA,Alan Friedlander,"Forereef, high coral cover"
PLW_2014_uvs_031,PLW_2014,uvs,Palau,Ngerumekaol,Ulong,2014-09-10,13:00:00,7.28567,134.24266,Outside 2,fore_reef,unknown,TRUE,NA,Alan Friedlander,"Forereef, high coral cover"
PLW_2014_uvs_032,PLW_2014,uvs,Palau,Ngerumekaol,Ulong,2014-09-10,14:30:00,7.28619,134.25214,Channel 2,fore_reef,unknown,TRUE,NA,Alan Friedlander,"Channel middle, mixed coral and sand"
PLW_2014_uvs_033,PLW_2014,uvs,Palau,Ngerumekaol,Rebotel,2014-09-11,08:20:00,7.25368,134.24516,Channel 1,fore_reef,unknown,FALSE,NA,Alan Friedlander,"Channel, shallow, high coral cover"
PLW_2014_uvs_034,PLW_2014,uvs,Palau,Ngerumekaol,Rebotel,2014-09-11,09:45:00,7.25116,134.23864,Outside 1,fore_reef,unknown,FALSE,NA,Alan Friedlander,"Forereef, high coral cover"
PLW_2014_uvs_035,PLW_2014,uvs,Palau,Ngerumekaol,Rebotel,2014-09-11,13:30:00,7.24925,134.23781,Outside 2,fore_reef,unknown,FALSE,NA,Alan Friedlander,"Forereef, high coral cover"
PLW_2014_uvs_036,PLW_2014,uvs,Palau,Ngerumekaol,Rebotel,2014-09-11,15:05:00,7.24965,134.23979,Channel 2,fore_reef,unknown,FALSE,NA,Alan Friedlander,"Channel, shallow, high coral cover"
PLW_2014_uvs_037,PLW_2014,uvs,Palau,Ngerumekaol,Rebotel,2014-09-12,09:00:00,7.25034,134.23929,NA,fore_reef,unknown,FALSE,NA,Alan Friedlander,"Channel, shallow, high coral cover"
PLW_2014_uvs_038,PLW_2014,uvs,Palau,Ngerumekaol,Rebotel,2014-09-12,10:30:00,7.25662,134.24626,NA,fore_reef,unknown,FALSE,NA,Alan Friedlander,"Forereef, high coral cover"
PLW_2014_uvs_039,PLW_2014,uvs,Palau,Ngerumekaol,Ulong,2014-09-12,12:20:00,7.28475,134.24344,NA,fore_reef,unknown,TRUE,NA,Alan Friedlander,"Forereef, wall, high coral cover"
PLW_2014_uvs_040,PLW_2014,uvs,Palau,Ngerumekaol,Ulong,2014-09-12,14:30:00,7.28369,134.2459,NA,fore_reef,unknown,TRUE,NA,Alan Friedlander,"Channel, shallow, high coral cover"
PLW_2014_uvs_041,PLW_2014,uvs,Palau,Ebill,Ebill,2014-09-13,10:20:00,7.78581,134.59294,NA,fore_reef,unknown,TRUE,NA,Alan Friedlander,"Channel, wall, high coral"
PLW_2014_uvs_042,PLW_2014,uvs,Palau,Ebill,Ebill,2014-09-13,12:10:00,7.78241,134.58794,NA,fore_reef,unknown,TRUE,NA,Alan Friedlander,"Channel, slope, mixed coral and sand"
PLW_2014_uvs_043,PLW_2014,uvs,Palau,Ebill,Ebill,2014-09-13,14:30:00,7.77659,134.56976,NA,fore_reef,unknown,TRUE,NA,Alan Friedlander,"Forereef, slope, high coral cover"
PLW_2014_uvs_044,PLW_2014,uvs,Palau,Ebill,Ngebard,2014-09-14,09:30:00,7.87802,134.51704,NA,fore_reef,unknown,FALSE,NA,Alan Friedlander,"Channel, slope, mixed coral and sand"
PLW_2014_uvs_045,PLW_2014,uvs,Palau,Ebill,Ngebard,2014-09-14,11:00:00,7.87634,134.51463,NA,fore_reef,unknown,FALSE,NA,Alan Friedlander,"Channel, slope, mixed coral and sand"
PLW_2014_uvs_046,PLW_2014,uvs,Palau,Ebill,Ngebard,2014-09-14,13:20:00,7.8729,134.50409,NA,fore_reef,unknown,FALSE,NA,Alan Friedlander,"Forereef, slope, high coral cover"
PLW_2014_uvs_047,PLW_2014,uvs,Palau,Ebill,Ngebard,2014-09-15,08:50:00,7.86468,134.50655,NA,fore_reef,unknown,FALSE,NA,Alan Friedlander,"Forereef, slope, medium coral cover"
PLW_2014_uvs_048,PLW_2014,uvs,Palau,Ebill,Ngebard,2014-09-15,10:50:00,7.8715,134.50832,NA,fore_reef,unknown,FALSE,NA,Alan Friedlander,"Channel, slope, mixed coral and sand"
PLW_2014_uvs_049,PLW_2014,uvs,Palau,Ebill,Ngebard,2014-09-15,12:30:00,7.85662,134.50839,NA,fore_reef,unknown,FALSE,NA,Alan Friedlander,"Forereef, slope, medium coral cover"
PLW_2014_uvs_050,PLW_2014,uvs,Palau,Ebill,Ebill,2014-09-16,09:30:00,7.7706,134.56569,NA,fore_reef,unknown,TRUE,NA,Alan Friedlander,"Forereef, slope, high coral cover"
PLW_2014_uvs_051,PLW_2014,uvs,Palau,Ebill,Ebill,2014-09-16,11:30:00,7.78124,134.55975,NA,fore_reef,unknown,TRUE,NA,Alan Friedlander,"Forereef, slope, high coral cover"
PLW_2014_uvs_052,PLW_2014,uvs,Palau,Ebill,Ebill,2014-09-16,13:30:00,7.77697,134.57224,NA,fore_reef,unknown,TRUE,NA,Alan Friedlander,"Channel, slope, mixed coral and sand"
PLW_2014_uvs_053,PLW_2014,uvs,Palau,Ngelukes,Ngelukes,2014-09-17,09:30:00,7.42134,134.6107,Ngelukes,patch_reef,unknown,FALSE,NA,Alan Friedlander,"Patch Reef, dead Acropora thickets"
PLW_2014_uvs_054,PLW_2014,uvs,Palau,Ngelukes,Ngelukes,2014-09-17,10:30:00,7.41807,134.60796,Ngelukes,patch_reef,unknown,TRUE,NA,Alan Friedlander,"Patch Reef,  Acropora thickets"
PLW_2014_uvs_055,PLW_2014,uvs,Palau,Ngelukes,Ngelukes,2014-09-17,12:30:00,7.42083,134.60405,Ngelukes,patch_reef,unknown,TRUE,NA,Alan Friedlander,"Patch Reef, mixed coral and sand"
PLW_2014_uvs_056,PLW_2014,uvs,Palau,Ngelukes,Ngelukes,2014-09-17,14:00:00,7.42299,134.60751,Ngelukes,patch_reef,unknown,FALSE,NA,Alan Friedlander,"Patch Reef, mixed coral and sand"
PLW_2014_uvs_057,PLW_2014,uvs,Palau,Ileyakl Beluu,Ileyakl Beluu,2014-09-18,09:15:00,7.65207,134.54298,Ileyakl Beluu,fore_reef,unknown,TRUE,NA,Alan Friedlander,"Forereef, slope, high coral cover"
PLW_2014_uvs_058,PLW_2014,uvs,Palau,Ileyakl Beluu,Ileyakl Beluu,2014-09-18,11:15:00,7.64282,134.54286,Ileyakl Beluu,fore_reef,unknown,FALSE,NA,Alan Friedlander,"Channel, slope, mixed coral and sand"
PLW_2014_uvs_059,PLW_2014,uvs,Palau,Ileyakl Beluu,Ileyakl Beluu,2014-09-18,13:30:00,7.64416,134.53203,Ileyakl Beluu,fore_reef,unknown,FALSE,NA,Alan Friedlander,"Forereef, slope, high coral cover"
PLW_2014_uvs_060,PLW_2014,uvs,Palau,Ileyakl Beluu,Ileyakl Beluu,2014-09-18,15:20:00,7.64604,134.54745,Ileyakl Beluu,fore_reef,unknown,TRUE,NA,Alan Friedlander,"Channel, slope, mixed coral and sand"
PLW_2014_uvs_061,PLW_2014,uvs,Palau,Ngermesch,Ngermasch,2014-09-19,08:40:00,7.58207,134.53256,Ngermasch,fringing_reef,unknown,TRUE,NA,Alan Friedlander,"Fringing Reef, mixed coral, sans, rubble"
PLW_2014_uvs_062,PLW_2014,uvs,Palau,Ngermesch,Ngermasch,2014-09-19,09:45:00,7.58592,134.53194,Ngermasch,fringing_reef,unknown,TRUE,NA,Alan Friedlander,"Fringing Reef, mixed coral, sans, rubble"
PLW_2014_uvs_063,PLW_2014,uvs,Palau,Ngermesch,Ngermasch,2014-09-19,12:50:00,7.60366,134.55068,Ngermasch,fringing_reef,unknown,FALSE,NA,Alan Friedlander,"Fringing Reef, mixed coral, sans, rubble"
PLW_2014_uvs_064,PLW_2014,uvs,Palau,Ngermesch,Ngermasch,2014-09-19,14:20:00,7.6042,134.55367,Ngermasch,fringing_reef,unknown,FALSE,NA,Alan Friedlander,"Fringing Reef, mixed coral, sans, rubble"
PLW_2014_uvs_065,PLW_2014,uvs,Palau,Teluleu,Teluleu,2014-09-21,10:30:00,7.05083,134.26438,NA,seagrass,unknown,TRUE,NA,Alan Friedlander,"Seagrass, with mixed coral"
PLW_2014_uvs_066,PLW_2014,uvs,Palau,Teluleu,Teluleu,2014-09-21,11:15:00,7.05077,134.26693,NA,seagrass,unknown,TRUE,NA,Alan Friedlander,Mixed coral w/ patchy seagrass
PLW_2014_uvs_067,PLW_2014,uvs,Palau,Peleliu,Peleliu,2014-09-21,13:45:00,7.0489,134.26402,NA,seagrass,unknown,FALSE,NA,Alan Friedlander,Seagrass
PLW_2014_uvs_068,PLW_2014,uvs,Palau,Peleliu,Peleliu,2014-09-21,14:45:00,7.0501,134.26837,NA,seagrass,unknown,FALSE,NA,Alan Friedlander,Seagrass
NCL_2013_uvs_002,NCL_2013,uvs,Chesterfield,Bellona,NA,2013-11-03,09:30:00,-21.35455,159.3671,1B,fore_reef,unknown,FALSE,NA,Alan Friedlander,NA
NCL_2013_uvs_004,NCL_2013,uvs,Chesterfield,Bellona,NA,2013-11-03,12:15:00,-21.40896,159.53732,2B,back_reef,unknown,FALSE,NA,Alan Friedlander,NA
NCL_2013_uvs_006,NCL_2013,uvs,Chesterfield,Bellona,NA,2013-11-03,14:50:00,-21.40516,159.54395,3B,patch_reef,unknown,FALSE,NA,Alan Friedlander,NA
NCL_2013_uvs_008,NCL_2013,uvs,Chesterfield,Bampton,NA,2013-11-04,10:40:00,-19.499,158.779,4B,fore_reef,unknown,FALSE,NA,Alan Friedlander,NA
NCL_2013_uvs_010,NCL_2013,uvs,Chesterfield,Bampton,NA,2013-11-04,12:40:00,-19.411,158.938,5B,fore_reef,unknown,FALSE,NA,Alan Friedlander,NA
NCL_2013_uvs_012,NCL_2013,uvs,Chesterfield,Bampton,NA,2013-11-04,14:40:00,-19.445,158.891,6B,fore_reef,unknown,FALSE,NA,Alan Friedlander,NA
NCL_2013_uvs_014,NCL_2013,uvs,Chesterfield,Bampton,NA,2013-11-05,09:30:00,-19.2059,158.94359,7B,fore_reef,unknown,FALSE,NA,Alan Friedlander,NA
NCL_2013_uvs_015,NCL_2013,uvs,Chesterfield,Bampton,NA,2013-11-05,10:20:00,-19.20747,158.94086,8B,patch_reef,unknown,FALSE,NA,Alan Friedlander,NA
NCL_2013_uvs_019,NCL_2013,uvs,Chesterfield,Bampton,NA,2013-11-05,14:15:00,-19.40973,158.9176,9B,patch_reef,unknown,FALSE,NA,Alan Friedlander,NA
NCL_2013_uvs_021,NCL_2013,uvs,Chesterfield,Bampton,NA,2013-11-06,10:55:00,-19.11642,158.60477,11B,fore_reef,unknown,FALSE,NA,Alan Friedlander,NA
NCL_2013_uvs_023,NCL_2013,uvs,Chesterfield,Bampton,NA,2013-11-06,13:45:00,-19.06965,158.67078,12B,fore_reef,unknown,FALSE,NA,Alan Friedlander,NA
NCL_2013_uvs_025,NCL_2013,uvs,Chesterfield,Bampton,NA,2013-11-06,15:45:00,-19.07957,158.65623,13B,fore_reef,unknown,FALSE,NA,Alan Friedlander,NA
NCL_2013_uvs_027,NCL_2013,uvs,Chesterfield,Bampton,NA,2013-11-07,09:40:00,-19.03101,158.45166,14B,fore_reef,unknown,FALSE,NA,Alan Friedlander,NA
NCL_2013_uvs_029,NCL_2013,uvs,Chesterfield,Bampton,NA,2013-11-07,11:50:00,-19.03877,158.4296,15B,fore_reef,unknown,FALSE,NA,Alan Friedlander,NA
NCL_2013_uvs_032,NCL_2013,uvs,Chesterfield,Bampton,NA,2013-11-07,14:20:00,-19.10523,158.38606,16B,fore_reef,unknown,FALSE,NA,Alan Friedlander,NA
NCL_2013_uvs_034,NCL_2013,uvs,Chesterfield,Bampton,NA,2013-11-08,10:05:00,-19.26698,158.46487,18B,patch_reef,unknown,FALSE,NA,Alan Friedlander,NA
NCL_2013_uvs_036,NCL_2013,uvs,Chesterfield,Bampton,NA,2013-11-08,12:10:00,-19.13163,158.35593,19B,fore_reef,unknown,FALSE,NA,Alan Friedlander,NA
NCL_2013_uvs_038,NCL_2013,uvs,Chesterfield,Bampton,NA,2013-11-08,15:10:00,-19.10995,158.36925,20B,fore_reef,unknown,FALSE,NA,Alan Friedlander,NA
NCL_2013_uvs_040,NCL_2013,uvs,Chesterfield,Bampton,NA,2013-11-09,09:40:00,-19.31769,158.3004,21B,fore_reef,unknown,FALSE,NA,Alan Friedlander,NA
NCL_2013_uvs_043,NCL_2013,uvs,Chesterfield,Bampton,NA,2013-11-09,12:40:00,-19.20932,158.34703,22B,fore_reef,unknown,FALSE,NA,Alan Friedlander,NA
NCL_2013_uvs_044,NCL_2013,uvs,Chesterfield,Bampton,NA,2013-11-09,14:30:00,-19.10926,158.3968,23B,fore_reef,unknown,FALSE,NA,Alan Friedlander,NA
NCL_2013_uvs_045,NCL_2013,uvs,D'entrecasteaux,Pelotas,NA,2013-11-12,09:30:00,-18.54074,163.22928,DE1,fore_reef,unknown,FALSE,NA,Alan Friedlander,NA
NCL_2013_uvs_046,NCL_2013,uvs,D'entrecasteaux,Pelotas,NA,2013-11-12,11:20:00,-18.59725,163.18575,DE2,fore_reef,unknown,FALSE,NA,Alan Friedlander,NA
NCL_2013_uvs_047,NCL_2013,uvs,D'entrecasteaux,Pelotas,NA,2013-11-12,14:00:00,-18.4793,163.05353,DE3,fore_reef,unknown,FALSE,NA,Alan Friedlander,NA
NCL_2013_uvs_048,NCL_2013,uvs,D'entrecasteaux,Merite,NA,2013-11-13,09:15:00,-18.21332,162.98741,DE4,fore_reef,unknown,FALSE,NA,Alan Friedlander,NA
NCL_2013_uvs_049,NCL_2013,uvs,D'entrecasteaux,Gran_gilberte,NA,2013-11-13,11:45:00,-18.04451,163.0518,DE5,fore_reef,unknown,FALSE,NA,Alan Friedlander,NA
NCL_2013_uvs_050,NCL_2013,uvs,D'entrecasteaux,Huon,NA,2013-11-13,14:15:00,-17.90637,162.89658,DE6,fore_reef,unknown,FALSE,NA,Alan Friedlander,NA
NCL_2013_uvs_051,NCL_2013,uvs,D'entrecasteaux,Huon,NA,2013-11-14,10:10:00,-18.11691,162.88203,DE7,patch_reef,unknown,FALSE,NA,Alan Friedlander,NA
NCL_2013_uvs_052,NCL_2013,uvs,D'entrecasteaux,Huon,NA,2013-11-14,14:15:00,-18.02655,162.9107,DE8,patch_reef,unknown,FALSE,NA,Alan Friedlander,NA
NCL_2013_uvs_053,NCL_2013,uvs,Petri,Petri,NA,2013-11-15,10:15:00,-18.58123,164.44016,PE1,back_reef,unknown,FALSE,NA,Alan Friedlander,NA
NCL_2013_uvs_054,NCL_2013,uvs,Petri,Petri,NA,2013-11-15,12:00:00,-18.55213,164.43497,PE2,back_reef,unknown,FALSE,NA,Alan Friedlander,NA
NCL_2013_uvs_055,NCL_2013,uvs,Petri,Petri,NA,2013-11-15,14:30:00,-18.52189,164.44231,PE3,back_reef,unknown,FALSE,NA,Alan Friedlander,NA
NCL_2013_uvs_056,NCL_2013,uvs,Petri,Petri,NA,2013-11-16,09:00:00,-18.49028,164.40906,PE4,fore_reef,unknown,FALSE,NA,Alan Friedlander,NA
NCL_2013_uvs_057,NCL_2013,uvs,Petri,Petri,NA,2013-11-16,11:00:00,-18.54677,164.35266,PE5,fore_reef,unknown,FALSE,NA,Alan Friedlander,NA
NCL_2013_uvs_058,NCL_2013,uvs,Petri,Petri,NA,2013-11-16,13:10:00,-18.58099,164.37717,PE6,fore_reef,unknown,FALSE,NA,Alan Friedlander,NA
NCL_2013_uvs_059,NCL_2013,uvs,Petri,Petri,NA,2013-11-17,08:30:00,-18.60511,164.44125,PE7,fore_reef,unknown,FALSE,NA,Alan Friedlander,NA
NCL_2013_uvs_060,NCL_2013,uvs,Petri,Petri,NA,2013-11-17,10:55:00,-18.52215,164.45857,PE8,fore_reef,unknown,FALSE,NA,Alan Friedlander,NA
NCL_2013_uvs_061,NCL_2013,uvs,Petri,Petri,NA,2013-11-17,14:00:00,-18.50397,164.42384,PE9,fore_reef,unknown,FALSE,NA,Alan Friedlander,NA
NCL_2013_uvs_062,NCL_2013,uvs,Astrolab,Astrolab,NA,2013-11-18,09:30:00,-19.88907,165.57912,AS1,fore_reef,unknown,FALSE,NA,Alan Friedlander,NA
NCL_2013_uvs_063,NCL_2013,uvs,Astrolab,Astrolab,NA,2013-11-18,11:30:00,-19.79638,165.61473,AS2,fore_reef,unknown,FALSE,NA,Alan Friedlander,NA
NCL_2013_uvs_064,NCL_2013,uvs,Astrolab,Astrolab,NA,2013-11-18,14:15:00,-19.72447,165.59872,AS3,fore_reef,unknown,FALSE,NA,Alan Friedlander,NA
NCL_2013_uvs_065,NCL_2013,uvs,Astrolab,Astrolab,NA,2013-11-19,12:45:00,-19.79943,165.58182,AS4,patch_reef,unknown,FALSE,NA,Alan Friedlander,NA
NCL_2013_uvs_001,NCL_2013,uvs,Chesterfield,Bellona,NA,2013-11-03,09:30:00,-21.35453,159.3671,01A,fore_reef,unknown,FALSE,NA,Laurent Vigliola,NA
NCL_2013_uvs_003,NCL_2013,uvs,Chesterfield,Bellona,NA,2013-11-03,11:00:00,-21.4197,159.53688,02A,back_reef,unknown,FALSE,NA,Laurent Vigliola,NA
NCL_2013_uvs_005,NCL_2013,uvs,Chesterfield,Bellona,NA,2013-11-03,14:00:00,-21.4117,159.54677,03A,patch_reef,unknown,FALSE,NA,Laurent Vigliola,NA
NCL_2013_uvs_007,NCL_2013,uvs,Chesterfield,Bampton,NA,2013-11-04,09:30:00,-19.49462,158.7754,04A,fore_reef,unknown,FALSE,NA,Laurent Vigliola,NA
NCL_2013_uvs_009,NCL_2013,uvs,Chesterfield,Bampton,NA,2013-11-04,11:00:00,-19.41785,158.93335,05A,fore_reef,unknown,FALSE,NA,Laurent Vigliola,NA
NCL_2013_uvs_011,NCL_2013,uvs,Chesterfield,Bampton,NA,2013-11-04,14:00:00,-19.44418,158.88555,06A,fore_reef,unknown,FALSE,NA,Laurent Vigliola,NA
NCL_2013_uvs_013,NCL_2013,uvs,Chesterfield,Bampton,NA,2013-11-05,09:00:00,-19.27103,158.97042,07A,fore_reef,unknown,FALSE,NA,Laurent Vigliola,NA
NCL_2013_uvs_016,NCL_2013,uvs,Chesterfield,Bampton,NA,2013-11-05,11:00:00,-19.2789,158.9597,08A,back_reef,unknown,FALSE,NA,Laurent Vigliola,NA
NCL_2013_uvs_017,NCL_2013,uvs,Chesterfield,Bampton,NA,2013-11-05,13:00:00,-19.35582,158.93917,09A,back_reef,unknown,FALSE,NA,Laurent Vigliola,NA
NCL_2013_uvs_018,NCL_2013,uvs,Chesterfield,Bampton,NA,2013-11-05,14:00:00,-19.41617,158.91733,10A,back_reef,unknown,FALSE,NA,Laurent Vigliola,NA
NCL_2013_uvs_020,NCL_2013,uvs,Chesterfield,Bampton,NA,2013-11-06,09:30:00,-19.10977,158.548,11A,fore_reef,unknown,FALSE,NA,Laurent Vigliola,NA
NCL_2013_uvs_022,NCL_2013,uvs,Chesterfield,Bampton,NA,2013-11-06,11:00:00,-19.08032,158.65617,12A,fore_reef,unknown,FALSE,NA,Laurent Vigliola,NA
NCL_2013_uvs_024,NCL_2013,uvs,Chesterfield,Bampton,NA,2013-11-06,14:00:00,-19.05808,158.69765,13A,fore_reef,unknown,FALSE,NA,Laurent Vigliola,NA
NCL_2013_uvs_026,NCL_2013,uvs,Chesterfield,Bampton,NA,2013-11-07,09:00:00,-19.08908,158.66477,14A,back_reef,unknown,FALSE,NA,Laurent Vigliola,NA
NCL_2013_uvs_028,NCL_2013,uvs,Chesterfield,Bampton,NA,2013-11-07,11:00:00,-19.1635,158.53642,15A,patch_reef,unknown,FALSE,NA,Laurent Vigliola,NA
NCL_2013_uvs_030,NCL_2013,uvs,Chesterfield,Bampton,NA,2013-11-07,13:00:00,-19.11135,158.46938,16A,patch_reef,unknown,FALSE,NA,Laurent Vigliola,NA
NCL_2013_uvs_031,NCL_2013,uvs,Chesterfield,Bampton,NA,2013-11-07,14:00:00,-21.4197,159.53688,17A,back_reef,unknown,FALSE,NA,Laurent Vigliola,NA
NCL_2013_uvs_033,NCL_2013,uvs,Chesterfield,Bampton,NA,2013-11-08,09:30:00,-19.26743,158.46487,18A,patch_reef,unknown,FALSE,NA,Laurent Vigliola,NA
NCL_2013_uvs_035,NCL_2013,uvs,Chesterfield,Bampton,NA,2013-11-08,11:00:00,-19.132,158.35642000000001,19A,fore_reef,unknown,FALSE,NA,Laurent Vigliola,NA
NCL_2013_uvs_037,NCL_2013,uvs,Chesterfield,Bampton,NA,2013-11-08,14:00:00,-19.1675,158.38012,20A,back_reef,unknown,FALSE,NA,Laurent Vigliola,NA
NCL_2013_uvs_039,NCL_2013,uvs,Chesterfield,Bampton,NA,2013-11-09,08:30:00,-19.27078,158.5915,21A,patch_reef,unknown,FALSE,NA,Laurent Vigliola,NA
NCL_2013_uvs_041,NCL_2013,uvs,Chesterfield,Bampton,NA,2013-11-09,10:30:00,-19.23835,158.51528,22A,patch_reef,unknown,FALSE,NA,Laurent Vigliola,NA
NCL_2013_uvs_042,NCL_2013,uvs,Chesterfield,Bampton,NA,2013-11-09,12:00:00,-19.2727,158.40458,23A,patch_reef,unknown,FALSE,NA,Laurent Vigliola,NA
GAB_2012_uvs_001,GAB_2012,uvs,Gabon,Gabon,Total,2012-10-09,NA,-1.5091,8.82747,Mandaros-Total,oil_rig,unknown,FALSE,NA,Alan Friedlander,NA
GAB_2012_uvs_002,GAB_2012,uvs,Gabon,Gabon,Total,2012-10-09,NA,-1.73782,8.73782,Ayol-Total,oil_rig,unknown,FALSE,NA,Alan Friedlander,NA
GAB_2012_uvs_003,GAB_2012,uvs,Gabon,Gabon,Total,2012-10-10,NA,-1.1033,8.59443,Pageau-Total,oil_rig,unknown,FALSE,NA,Alan Friedlander,NA
GAB_2012_uvs_004,GAB_2012,uvs,Gabon,Gabon,Total,2012-10-10,NA,-1.1552,8.47548,Girelle-Total,oil_rig,unknown,FALSE,NA,Alan Friedlander,NA
GAB_2012_uvs_005,GAB_2012,uvs,Gabon,Gabon,Vaalco,2012-10-13,NA,-3.71667,10.43633,Ebouri-Vaalco,oil_rig,unknown,FALSE,NA,Alan Friedlander,NA
GAB_2012_uvs_006,GAB_2012,uvs,Gabon,Gabon,Vaalco,2012-10-13,NA,-3.8765,10.59017,Avouma-Vaalco,oil_rig,unknown,FALSE,NA,Alan Friedlander,NA
GAB_2012_uvs_007,GAB_2012,uvs,Gabon,Gabon,Perenco,2012-10-15,NA,-2.03933,9.10493,Tchatamba-Perenco,oil_rig,unknown,FALSE,NA,Alan Friedlander,NA
GAB_2012_uvs_008,GAB_2012,uvs,Gabon,Gabon,Perenco,2012-10-18,NA,-1.35673,8.89218,Vanneau-Perenco,oil_rig,unknown,FALSE,NA,Alan Friedlander,NA
GAB_2012_uvs_009,GAB_2012,uvs,Gabon,Gabon,Perenco,2012-10-18,NA,-1.17667,8.70333,Pelican east-Perenco,oil_rig,unknown,FALSE,NA,Alan Friedlander,NA
GAB_2012_uvs_010,GAB_2012,uvs,Gabon,Gabon,Perenco,2012-10-18,NA,-1.03277,8.5918,Octopus-Perenco,oil_rig,unknown,FALSE,NA,Alan Friedlander,NA
CRI_2009_uvs_001,CRI_2009,uvs,Cocos Island,Cocos Island,NA,2009-09-11,NA,5.5509,-87.03493,ulloa,rocky_reef,unknown,FALSE,NA,Alan Friedlander,NA
CRI_2009_uvs_002,CRI_2009,uvs,Cocos Island,Cocos Island,NA,2009-09-11,NA,5.54614,-87.032,silverado,pinnacle_reef,unknown,FALSE,NA,Alan Friedlander,NA
CRI_2009_uvs_003,CRI_2009,uvs,Cocos Island,Cocos Island,NA,2009-09-12,NA,5.53536,-87.08679,maria pt,rocky_reef,unknown,FALSE,NA,Alan Friedlander,NA
CRI_2009_uvs_004,CRI_2009,uvs,Cocos Island,Cocos Island,NA,2009-09-12,NA,5.5193,-87.09582,leonel,rocky_reef,unknown,FALSE,NA,Alan Friedlander,NA
CRI_2009_uvs_005,CRI_2009,uvs,Cocos Island,Cocos Island,NA,2009-09-12,NA,5.54335,-87.07175,gissler,rocky_reef,unknown,FALSE,NA,Alan Friedlander,NA
CRI_2009_uvs_006,CRI_2009,uvs,Cocos Island,Cocos Island,NA,2009-09-12,NA,5.54994,-87.0604,presid,rocky_reef,unknown,FALSE,NA,Alan Friedlander,NA
CRI_2009_uvs_007,CRI_2009,uvs,Cocos Island,Cocos Island,NA,2009-09-12,NA,5.55228,-87.05088,west,rocky_reef,unknown,FALSE,NA,Alan Friedlander,NA
CRI_2009_uvs_008,CRI_2009,uvs,Cocos Island,Cocos Island,NA,2009-09-13,NA,5.56095,-87.04851,manuela afu,rocky_reef,unknown,FALSE,NA,Alan Friedlander,NA
CRI_2009_uvs_009,CRI_2009,uvs,Cocos Island,Cocos Island,NA,2009-09-13,NA,5.56187,-87.04693,manuela garden,rocky_reef,unknown,FALSE,NA,Alan Friedlander,NA
CRI_2009_uvs_010,CRI_2009,uvs,Cocos Island,Cocos Island,NA,2009-09-13,NA,5.52842,-87.02996,atrevido,rocky_reef,unknown,FALSE,NA,Alan Friedlander,NA
CRI_2009_uvs_011,CRI_2009,uvs,Cocos Island,Cocos Island,NA,2009-09-13,NA,5.54952,-87.0315,roca langosta,rocky_reef,unknown,FALSE,NA,Alan Friedlander,NA
CRI_2009_uvs_012,CRI_2009,uvs,Cocos Island,Cocos Island,NA,2009-09-14,NA,5.51755,-87.04805,tiburon,rocky_reef,unknown,FALSE,NA,Alan Friedlander,NA
CRI_2009_uvs_013,CRI_2009,uvs,Cocos Island,Cocos Island,NA,2009-09-14,NA,5.50579,-87.06775,bahia iglesias,rocky_reef,unknown,FALSE,NA,Alan Friedlander,NA
CRI_2009_uvs_014,CRI_2009,uvs,Cocos Island,Cocos Island,NA,2009-09-14,NA,5.5411,-87.02918,rodo,rocky_reef,unknown,FALSE,NA,Alan Friedlander,NA
CRI_2009_uvs_015,CRI_2009,uvs,Cocos Island,Cocos Island,NA,2009-09-14,NA,5.55375,-87.05142,west 2,rocky_reef,unknown,FALSE,NA,Alan Friedlander,NA
CRI_2009_uvs_016,CRI_2009,uvs,Cocos Island,Cocos Island,NA,2009-09-15,NA,5.50722,-87.05666,subrock,rocky_reef,unknown,FALSE,NA,Alan Friedlander,NA
CRI_2009_uvs_017,CRI_2009,uvs,Cocos Island,Cocos Island,NA,2009-09-15,NA,5.50856,-87.10121,dos amigos,rocky_reef,unknown,FALSE,NA,Alan Friedlander,NA
CRI_2009_uvs_018,CRI_2009,uvs,Cocos Island,Cocos Island,NA,2009-09-15,NA,5.54595,-87.06231,wafer,rocky_reef,unknown,FALSE,NA,Alan Friedlander,NA
CRI_2009_uvs_019,CRI_2009,uvs,Cocos Island,Cocos Island,NA,2009-09-16,NA,5.55131,-87.03969,chatham,rocky_reef,unknown,FALSE,NA,Alan Friedlander,NA
CRI_2009_uvs_020,CRI_2009,uvs,Cocos Island,Cocos Island,NA,2009-09-16,NA,5.54822,-87.0817,dirty,rocky_reef,unknown,FALSE,NA,Alan Friedlander,NA
CRI_2009_uvs_021,CRI_2009,uvs,Cocos Island,Cocos Island,NA,2009-09-16,NA,5.55411,-87.05408,pajara,rocky_reef,unknown,FALSE,NA,Alan Friedlander,NA
CRI_2009_uvs_022,CRI_2009,uvs,Cocos Island,Cocos Island,NA,2009-09-17,NA,5.53194,-87.09286,maria pinnacle,pinnacle_reef,unknown,FALSE,NA,Alan Friedlander,NA
CRI_2009_uvs_023,CRI_2009,uvs,Cocos Island,Cocos Island,NA,2009-09-18,NA,5.55059,-87.0642,viking,rocky_reef,unknown,FALSE,NA,Alan Friedlander,NA
CRI_2009_uvs_024,CRI_2009,uvs,Cocos Island,Cocos Island,NA,2009-09-18,NA,5.54869,-87.03404,ulloa coral,rocky_reef,unknown,FALSE,NA,Alan Friedlander,NA
CRI_2009_uvs_025,CRI_2009,uvs,Cocos Island,Cocos Island,NA,2009-09-18,NA,5.53873,-87.08345,cabo barreto,rocky_reef,unknown,FALSE,NA,Alan Friedlander,NA
CRI_2009_uvs_026,CRI_2009,uvs,Cocos Island,Cocos Island,NA,2009-09-19,NA,5.50999,-87.03245,alcyone,bank,unknown,FALSE,NA,Alan Friedlander,NA
CRI_2009_uvs_027,CRI_2009,uvs,Cocos Island,Cocos Island,NA,2009-09-19,NA,5.53189,-87.02758,arch,rocky_reef,unknown,FALSE,NA,Alan Friedlander,NA
CRI_2009_uvs_028,CRI_2009,uvs,Cocos Island,Cocos Island,NA,2009-09-19,NA,5.53101,-87.09145,maria real,rocky_reef,unknown,FALSE,NA,Alan Friedlander,NA
CRI_2009_uvs_029,CRI_2009,uvs,Cocos Island,Cocos Island,NA,2009-09-19,NA,5.526,-87.09216,punta coronel,rocky_reef,unknown,FALSE,NA,Alan Friedlander,NA
CHL_2011_uvs_001,CHL_2011,uvs,Salas y Gomez,Salas y Gomez,NA,2011-02-22,16:20:00,-26.46953,-105.36421,SG1,fore_reef,leeward,FALSE,NA,Alan Friedlander,NA
CHL_2011_uvs_002,CHL_2011,uvs,Salas y Gomez,Salas y Gomez,NA,2011-02-23,09:00:00,-26.47614,-105.36291,SG2,fore_reef,windward,FALSE,NA,Alan Friedlander,NA
CHL_2011_uvs_003,CHL_2011,uvs,Salas y Gomez,Salas y Gomez,NA,2011-02-23,11:00:00,-26.47143,-105.36754,SG3,fore_reef,windward,FALSE,NA,Alan Friedlander,NA
CHL_2011_uvs_004,CHL_2011,uvs,Salas y Gomez,Salas y Gomez,NA,2011-02-23,16:00:00,-26.47119,-105.35889,SG4,fore_reef,leeward,FALSE,NA,Alan Friedlander,NA
CHL_2011_uvs_005,CHL_2011,uvs,Salas y Gomez,Bajo Scott,NA,2011-02-24,09:30:00,-26.45716,-105.35033,SR1,bank,exposed,FALSE,NA,Alan Friedlander,NA
CHL_2011_uvs_006,CHL_2011,uvs,Salas y Gomez,Salas y Gomez,NA,2011-02-24,11:35:00,-26.46965,-105.36252,SG5,fore_reef,leeward,FALSE,NA,Alan Friedlander,NA
CHL_2011_uvs_007,CHL_2011,uvs,Salas y Gomez,Salas y Gomez,NA,2011-02-24,16:45:00,-26.47301,-105.36677,SG6,fore_reef,windward,FALSE,NA,Alan Friedlander,NA
CHL_2011_uvs_008,CHL_2011,uvs,Salas y Gomez,Salas y Gomez,NA,2011-02-25,09:45:00,-26.47539,-105.36028,SG7,fore_reef,windward,FALSE,NA,Alan Friedlander,NA
CHL_2011_uvs_009,CHL_2011,uvs,Salas y Gomez,Salas y Gomez,NA,2011-02-25,12:00:00,-26.46935,-105.36665,SG8,fore_reef,windward,FALSE,NA,Alan Friedlander,NA
CHL_2011_uvs_010,CHL_2011,uvs,Salas y Gomez,Bajo Scott,NA,2011-02-25,16:00:00,-26.45715,-105.3503,SR2,bank,exposed,FALSE,NA,Alan Friedlander,NA
CHL_2011_uvs_011,CHL_2011,uvs,Rapa Nui,Rapa Nui,Omohi,2011-03-01,11:45:00,-27.084,-109.245,RN3,fore_reef,leeward,FALSE,NA,Alan Friedlander,NA
CHL_2011_uvs_012,CHL_2011,uvs,Rapa Nui,Rapa Nui,Anakena,2011-03-01,13:30:00,-27.06688,-109.32056,RN4,fore_reef,leeward,FALSE,NA,Alan Friedlander,NA
CHL_2011_uvs_013,CHL_2011,uvs,Rapa Nui,Rapa Nui,Te Peu,2011-03-02,10:00:00,-27.06095,-109.39312,RN5,fore_reef,leeward,FALSE,NA,Alan Friedlander,NA
CHL_2011_uvs_014,CHL_2011,uvs,Rapa Nui,Rapa Nui,Motu Nui,2011-03-02,12:00:00,-27.20232,-109.45169,RN6,fore_reef,windward,FALSE,NA,Alan Friedlander,NA
CHL_2011_uvs_015,CHL_2011,uvs,Rapa Nui,Rapa Nui,Motu Nui,2011-03-02,17:00:00,-27.20015,-109.45435,RN7,fore_reef,windward,FALSE,NA,Alan Friedlander,NA
CHL_2011_uvs_016,CHL_2011,uvs,Rapa Nui,Rapa Nui,Akahanga,2011-03-03,10:00:00,-27.15059,-109.33026,RN8,fore_reef,windward,FALSE,NA,Alan Friedlander,NA
CHL_2011_uvs_017,CHL_2011,uvs,Rapa Nui,Rapa Nui,Vinapu,2011-03-03,12:00:00,-27.171,-109.372,RN9,fore_reef,windward,FALSE,NA,Alan Friedlander,NA
CHL_2011_uvs_018,CHL_2011,uvs,Rapa Nui,Rapa Nui,Motu Tautara,2011-03-03,17:00:00,-27.10986,-109.42381,RN2,fore_reef,windward,FALSE,NA,Alan Friedlander,NA
CHL_2011_uvs_019,CHL_2011,uvs,Rapa Nui,Rapa Nui,Hanga Roa,2011-03-04,10:00:00,-27.14519,-109.43725,RN1,fore_reef,windward,FALSE,NA,Alan Friedlander,NA
CHL_2011_uvs_020,CHL_2011,uvs,Rapa Nui,Rapa Nui,Mataveri,2011-03-04,12:00:00,-27.15824,-109.44333,RN10,fore_reef,windward,FALSE,NA,Alan Friedlander,NA
PCN_2012_uvs_001,PCN_2012,uvs,Pitcairn,Pitcairn,NA,2012-03-16,08:42:00,-25.05919,-130.11386,PI02,fore_reef,leeward,FALSE,NA,Alan Friedlander,NA
PCN_2012_uvs_002,PCN_2012,uvs,Pitcairn,Pitcairn,NA,2012-03-16,10:45:00,-25.05701,-130.11078,PI03,fore_reef,leeward,FALSE,NA,Alan Friedlander,NA
PCN_2012_uvs_003,PCN_2012,uvs,Pitcairn,Pitcairn,NA,2012-03-16,14:58:00,-25.06848,-130.12393,PI01,fore_reef,leeward,FALSE,NA,Alan Friedlander,NA
PCN_2012_uvs_004,PCN_2012,uvs,Pitcairn,Pitcairn,NA,2012-03-17,09:06:00,-25.0726,-130.08813,PI06,fore_reef,leeward,FALSE,NA,Alan Friedlander,NA
PCN_2012_uvs_005,PCN_2012,uvs,Pitcairn,Pitcairn,NA,2012-03-17,11:19:00,-25.068,-130.09033,PI05,fore_reef,leeward,FALSE,NA,Alan Friedlander,NA
PCN_2012_uvs_006,PCN_2012,uvs,Pitcairn,Pitcairn,NA,2012-03-17,15:54:00,-25.08023,-130.10172,PI09,fore_reef,windward,FALSE,NA,Alan Friedlander,NA
PCN_2012_uvs_007,PCN_2012,uvs,Pitcairn,Pitcairn,NA,2012-03-18,08:40:00,-25.0885,-130.10202,PI13,fore_reef,windward,FALSE,NA,Alan Friedlander,NA
PCN_2012_uvs_008,PCN_2012,uvs,Pitcairn,Pitcairn,NA,2012-03-18,12:09:00,-25.07352,-130.1217,PI12,fore_reef,windward,FALSE,NA,Alan Friedlander,NA
PCN_2012_uvs_009,PCN_2012,uvs,Pitcairn,Pitcairn,NA,2012-03-18,14:06:00,-25.07711,-130.09074,PI07,fore_reef,windward,FALSE,NA,Alan Friedlander,NA
PCN_2012_uvs_010,PCN_2012,uvs,Pitcairn,Pitcairn,NA,2012-03-19,09:39:00,-25.08723,-130.09756,PI14,fore_reef,windward,FALSE,NA,Alan Friedlander,NA
PCN_2012_uvs_011,PCN_2012,uvs,Pitcairn,Pitcairn,NA,2012-03-19,14:14:00,-25.08045,-130.09607,PI08,fore_reef,windward,FALSE,NA,Alan Friedlander,NA
PCN_2012_uvs_012,PCN_2012,uvs,Pitcairn,Pitcairn,NA,2012-03-19,16:15:00,-25.07877,-130.1113,PI10,fore_reef,windward,FALSE,NA,Alan Friedlander,NA
PCN_2012_uvs_013,PCN_2012,uvs,Pitcairn,Ducie,NA,2012-03-21,09:42:00,-24.67531,-124.7708,DU01,fore_reef,leeward,FALSE,NA,Alan Friedlander,NA
PCN_2012_uvs_014,PCN_2012,uvs,Pitcairn,Ducie,NA,2012-03-21,12:07:00,-24.67125,-124.7801,DU02,fore_reef,leeward,FALSE,NA,Alan Friedlander,NA
PCN_2012_uvs_015,PCN_2012,uvs,Pitcairn,Ducie,NA,2012-03-21,15:37:00,-24.67187,-124.79009,DU03,fore_reef,leeward,FALSE,NA,Alan Friedlander,NA
PCN_2012_uvs_016,PCN_2012,uvs,Pitcairn,Ducie,NA,2012-03-22,08:05:00,-24.68496,-124.80309,DU05,fore_reef,leeward,FALSE,NA,Alan Friedlander,NA
PCN_2012_uvs_017,PCN_2012,uvs,Pitcairn,Ducie,NA,2012-03-22,10:29:00,-24.69353,-124.7997,DU06,fore_reef,windward,FALSE,NA,Alan Friedlander,NA
PCN_2012_uvs_018,PCN_2012,uvs,Pitcairn,Ducie,NA,2012-03-22,14:49:00,-24.68396,-124.76962,DU09,fore_reef,windward,FALSE,NA,Alan Friedlander,NA
PCN_2012_uvs_019,PCN_2012,uvs,Pitcairn,Ducie,NA,2012-03-23,08:13:00,-24.69107,-124.7716,DU08,fore_reef,windward,FALSE,NA,Alan Friedlander,NA
PCN_2012_uvs_020,PCN_2012,uvs,Pitcairn,Ducie,NA,2012-03-23,10:24:00,-24.69497,-124.78516,DU07,fore_reef,windward,FALSE,NA,Alan Friedlander,NA
PCN_2012_uvs_021,PCN_2012,uvs,Pitcairn,Ducie,NA,2012-03-23,14:42:00,-24.67661,-124.78674,DU10,patch_reef,lagoon,FALSE,NA,Alan Friedlander,NA
PCN_2012_uvs_022,PCN_2012,uvs,Pitcairn,Ducie,NA,2012-03-23,14:42:00,-24.67976,-124.78687,DU11,patch_reef,lagoon,FALSE,NA,Alan Friedlander,NA
PCN_2012_uvs_023,PCN_2012,uvs,Pitcairn,Ducie,NA,2012-03-24,10:34:00,-24.67398,-124.79975,DU04,fore_reef,leeward,FALSE,NA,Alan Friedlander,NA
PCN_2012_uvs_024,PCN_2012,uvs,Pitcairn,Henderson,NA,2012-03-26,10:06:00,-24.32877,-128.30034,HE01,fore_reef,leeward,FALSE,NA,Alan Friedlander,NA
PCN_2012_uvs_025,PCN_2012,uvs,Pitcairn,Henderson,NA,2012-03-26,12:14:00,-24.3453,-128.3483,HE03,fore_reef,leeward,FALSE,NA,Alan Friedlander,NA
PCN_2012_uvs_026,PCN_2012,uvs,Pitcairn,Henderson,NA,2012-03-26,15:37:00,-24.33754,-128.32472,HE02,fore_reef,leeward,FALSE,NA,Alan Friedlander,NA
PCN_2012_uvs_027,PCN_2012,uvs,Pitcairn,Henderson,NA,2012-03-27,08:54:00,-24.37329,-128.29744,HE11,fore_reef,windward,FALSE,NA,Alan Friedlander,NA
PCN_2012_uvs_028,PCN_2012,uvs,Pitcairn,Henderson,NA,2012-03-27,11:36:00,-24.3501,-128.30449,HE12,fore_reef,windward,FALSE,NA,Alan Friedlander,NA
PCN_2012_uvs_029,PCN_2012,uvs,Pitcairn,Henderson,NA,2012-03-27,15:49:00,-24.36456,-128.358,HE04,fore_reef,leeward,FALSE,NA,Alan Friedlander,NA
PCN_2012_uvs_030,PCN_2012,uvs,Pitcairn,Henderson,NA,2012-03-28,08:53:00,-24.35381,-128.35381,HE05,fore_reef,leeward,FALSE,NA,Alan Friedlander,NA
PCN_2012_uvs_031,PCN_2012,uvs,Pitcairn,Henderson,NA,2012-03-28,11:12:00,-24.33673,-128.34418,HE06,fore_reef,leeward,FALSE,NA,Alan Friedlander,NA
PCN_2012_uvs_032,PCN_2012,uvs,Pitcairn,Henderson,NA,2012-03-28,15:46:00,-24.33427,-128.31223,HE07,fore_reef,leeward,FALSE,NA,Alan Friedlander,NA
PCN_2012_uvs_033,PCN_2012,uvs,Pitcairn,Henderson,NA,2012-03-29,09:19:00,-24.39235,-128.34821,HE08,fore_reef,windward,FALSE,NA,Alan Friedlander,NA
PCN_2012_uvs_034,PCN_2012,uvs,Pitcairn,Henderson,NA,2012-03-29,11:16:00,-24.37871,-128.35591,HE09,fore_reef,windward,FALSE,NA,Alan Friedlander,NA
PCN_2012_uvs_035,PCN_2012,uvs,Pitcairn,Henderson,NA,2012-03-30,13:23:00,-24.38807,-128.29149,HE10,fore_reef,windward,FALSE,NA,Alan Friedlander,NA
PCN_2012_uvs_036,PCN_2012,uvs,Pitcairn,Henderson,NA,2012-03-30,15:38:00,-24.41104,-128.29085,HE13,fore_reef,windward,FALSE,NA,Alan Friedlander,NA
PCN_2012_uvs_037,PCN_2012,uvs,Pitcairn,Pitcairn,NA,2012-03-31,09:03:00,-25.06288,-130.09537,PI11,fore_reef,leeward,FALSE,NA,Alan Friedlander,NA
PCN_2012_uvs_038,PCN_2012,uvs,Pitcairn,Pitcairn,NA,2012-03-31,11:25:00,-25.05996,-130.10349,PI04,fore_reef,leeward,FALSE,NA,Alan Friedlander,NA
PCN_2012_uvs_039,PCN_2012,uvs,Pitcairn,Oeno,NA,2012-04-01,09:58:00,-23.94315,-130.72749,OE01,fore_reef,windward,FALSE,NA,Alan Friedlander,NA
PCN_2012_uvs_040,PCN_2012,uvs,Pitcairn,Oeno,NA,2012-04-01,12:10:00,-23.94455,-130.73636,OE02,fore_reef,windward,FALSE,NA,Alan Friedlander,NA
PCN_2012_uvs_041,PCN_2012,uvs,Pitcairn,Oeno,NA,2012-04-01,15:36:00,-23.94511,-130.74651,OE03,fore_reef,windward,FALSE,NA,Alan Friedlander,NA
PCN_2012_uvs_042,PCN_2012,uvs,Pitcairn,Oeno,NA,2012-04-02,09:02:00,-23.91608,-130.72134,OE10,fore_reef,windward,FALSE,NA,Alan Friedlander,NA
PCN_2012_uvs_043,PCN_2012,uvs,Pitcairn,Oeno,NA,2012-04-02,11:21:00,-23.92444,-130.71808,OE11,fore_reef,windward,FALSE,NA,Alan Friedlander,NA
PCN_2012_uvs_044,PCN_2012,uvs,Pitcairn,Oeno,NA,2012-04-02,15:04:00,-23.9406,-130.7551,OE04,fore_reef,windward,FALSE,NA,Alan Friedlander,NA
PCN_2012_uvs_045,PCN_2012,uvs,Pitcairn,Oeno,NA,2012-04-03,09:12:00,-23.90906,-130.72842,OE09,fore_reef,leeward,FALSE,NA,Alan Friedlander,NA
PCN_2012_uvs_046,PCN_2012,uvs,Pitcairn,Oeno,NA,2012-04-03,11:26:00,-23.93331,-130.71797,OE12,fore_reef,windward,FALSE,NA,Alan Friedlander,NA
PCN_2012_uvs_047,PCN_2012,uvs,Pitcairn,Oeno,NA,2012-04-03,15:45:00,-23.91386,-130.75623,OE07,fore_reef,leeward,FALSE,NA,Alan Friedlander,NA
PCN_2012_uvs_048,PCN_2012,uvs,Pitcairn,Oeno,NA,2012-04-04,11:13:00,-23.9216,-130.75745,OE06,fore_reef,leeward,FALSE,NA,Alan Friedlander,NA
PCN_2012_uvs_049,PCN_2012,uvs,Pitcairn,Oeno,NA,2012-04-04,12:58:00,-23.93112,-130.75803,OE05,fore_reef,leeward,FALSE,NA,Alan Friedlander,NA
PCN_2012_uvs_050,PCN_2012,uvs,Pitcairn,Oeno,NA,2012-04-04,16:18:00,-23.90806,-130.74644,OE08,fore_reef,leeward,FALSE,NA,Alan Friedlander,NA
SYC_2012_uvs_003,SYC_2012,uvs,Seychelles,Farquhar,NA,2009-02-16,16:20:00,-10.13097,51.16214,F06,patch_reef,lagoon,FALSE,NA,Alan Friedlander,"Lagoon patch reef/bommies, rising from sand base at 6 m to near surface. Bommies and pillars, large por heads, with high-cover patchwork of faviids. Water turbid naturally, likely strong currents during ebb/flood tides."
SYC_2012_uvs_021,SYC_2012,uvs,Seychelles,Farquhar,NA,2009-02-23,16:00:00,-10.20912,51.12709,F24,patch_reef,lagoon,FALSE,NA,Alan Friedlander,"Reticulate lagoon/back reef patches, nr channel at Gouelette. Slope from 2-9 m, fine silty bottom, large coral heads/bommies to 2 m vertical height, high density of dead Galfas bommies (prob 5-10 yr mortality). Typical back-reef corals and low water vis. High cover of Caulerpa racemosa"
SYC_2012_uvs_023,SYC_2012,uvs,Seychelles,Farquhar,NA,2009-02-24,12:00:00,-10.22502,51.10732,F26,patch_reef,lagoon,FALSE,NA,Alan Friedlander,"Patch reef slope, llke F24, with bommies/corals/ongoing structure down to 12-14 m"
SYC_2012_uvs_024,SYC_2012,uvs,Seychelles,Farquhar,NA,2009-02-24,16:00:00,-10.18256,51.14134,F27,patch_reef,lagoon,FALSE,NA,Alan Friedlander,"Patch reef slope, like F24/26, but 100% mortality of corals, probably in 1998. Tall bommies of 2-4 m vertical relief, continuing on sand base at 14-17 m, columns of galfas and others. Spectacular expansive system, but corals ALL died in past mortality, and very little recovery of previously dominant galfas. Fish populations good."
SYC_2012_uvs_025,SYC_2012,uvs,Seychelles,Farquhar,NA,2009-02-25,09:00:00,-10.23017,51.07329,F28,patch_reef,lagoon,FALSE,NA,Alan Friedlander,"Patch reef slope, like 24/26/27"
SYC_2012_uvs_026,SYC_2012,uvs,Seychelles,Farquhar,NA,2009-02-25,11:00:00,-10.21342,51.05085,F29,patch_reef,lagoon,FALSE,NA,Alan Friedlander,"Patch reef/channel cut - steep slope with bommies to sand base at 10 m. high mortality closest to channel mouth - of pacspe (highly sensitive), now broken up into rubble). Farther from channel, more live coral (por, lob, mixed), with a curious annular recovery of porlut."
SYC_2012_uvs_028,SYC_2012,uvs,Seychelles,Farquhar,NA,2009-02-26,12:00:00,-10.15846,51.15366,F31,patch_reef,lagoon,FALSE,NA,Alan Friedlander,"Like F06, but 100% mortality of corals occurred. Turbidity very high, with silty flocculent material. A cross between F27 and F06. Recruiting corals mainly gon, so returning to previous dominance, but a long way to go. Old dead skeletons still very identifiable. like F27 but silty sediment and turbidity make it worse off."
SYC_2012_uvs_029,SYC_2012,uvs,Seychelles,Farquhar,NA,2009-02-26,16:00:00,-10.12573,51.16096,F32,patch_reef,lagoon,FALSE,NA,Alan Friedlander,"channel reef, large bommies in high current zone. High mortality in the shallowest reaches on pavement, but many very large colonies (por, hel) still alive, and very high cover of encrusintg corals (psa, mtp, pav, lep, etc), and high recruitment of palythoa."
SYC_2012_uvs_030,SYC_2012,uvs,Seychelles,Farquhar,NA,2009-02-27,09:00:00,-10.16996,51.11629,F33,patch_reef,lagoon,FALSE,NA,Alan Friedlander,"Shallower bommies at end of line reef in SW lagoon - very silty bottom and low visibility, high mortality of old corals, but some recovery. High filamentous/macroalgae"
SYC_2012_uvs_001,SYC_2012,uvs,Seychelles,Farquhar,NA,2009-02-16,09:15:00,-10.13751,51.10884,F04,fore_reef,leeward,FALSE,NA,Alan Friedlander,"Outside of minor lagoon out-flow, forming a canyon w steep 45o slope to sandy bottom at 25 m. Canyon bottom cemented rubble/old corals with high Malg cover, low coral cover. N side of canyon bounded by a vertical rock wall and outer reef face. IN shallows, very complex channel/butress system to surface, w 2 m vertical height of channel walls. High fish abundance - plankt, pelagics and reef fish. V strong water mixing - 23o at bottom which changed to 28o when green lagoon water flowed out, visible front between green and blue water over sample site."
SYC_2012_uvs_002,SYC_2012,uvs,Seychelles,Farquhar,NA,2009-02-16,11:45:00,-10.13649,51.11502,F05,fore_reef,leeward,FALSE,NA,Alan Friedlander,"N of F4, less slope and smaller system of channels through reef crest"
SYC_2012_uvs_007,SYC_2012,uvs,Seychelles,Farquhar,NA,2009-02-18,09:00:00,-10.11783,51.15717,F10,fore_reef,leeward,FALSE,NA,Alan Friedlander,"Channel edge of isopal, solid wall 4 m high, mainly live on top/tips, sides with encrusting mtp, por and isopal. Fine sediment on bottom. Tops exposed on spring lows."
SYC_2012_uvs_008,SYC_2012,uvs,Seychelles,Farquhar,NA,2009-02-18,15:00:00,-10.16218,51.037350000000004,F11,fore_reef,leeward,FALSE,NA,Alan Friedlander,"Fringing fore reef, very high structure of butresses and grooves, with  heights of 4-5 m in shallows, down to 1-2 m high spurs at sampling location. Rock mostly bare, very low coral cover, mainly turf algae and some macroalgae."
SYC_2012_uvs_016,SYC_2012,uvs,Seychelles,Farquhar,NA,2009-02-21,16:30:00,-10.13202,51.13014,F19,fore_reef,leeward,FALSE,NA,Alan Friedlander,"Gentle fore reef slope, sheltered W aspect. Slope 10o, very low topography, substrate w. many broken up/old dead corals with small corals growing on them, no large corals. Low fleshy/coralline algae. HUGE buffalo parrots school, high excavation evident"
SYC_2012_uvs_017,SYC_2012,uvs,Seychelles,Farquhar,NA,2009-02-22,09:00:00,-10.14712,51.06926,F20,fore_reef,leeward,FALSE,NA,Alan Friedlander,"Rubble slope, shelving more steply at 20 m to deeper water.  With seagrass in >10, high algae, and halimeda from >15m. Corals in rubble and on some hard substrate patches; low top compl, so mostly small fish in rubble habitat, some larger fish deeper."
SYC_2012_uvs_018,SYC_2012,uvs,Seychelles,Farquhar,NA,2009-02-22,11:00:00,-10.14553,51.08961,F21,fore_reef,leeward,FALSE,NA,Alan Friedlander,"Like F01/19, but with large corals surviving - porlut, ast, lob, etc. Few mid-size corals, very high recruitment, but likely suppression like F19. Very cold water. Abundant fish schools, and 1 scalloped hammerhead."
SYC_2012_uvs_027,SYC_2012,uvs,Seychelles,Farquhar,NA,2009-02-26,10:00:00,-10.12422,51.14429,F30,fore_reef,leeward,FALSE,NA,Alan Friedlander,"outer reef, flat platform below butresses and top slope. hard substrate eroding butresses and large coral rubble, from mortality and cycone effects. Very scrappy. Many smaller corals recruiting, but still looks highly disturbed and eroding back."
SYC_2012_uvs_009,SYC_2012,uvs,Seychelles,Farquhar,NA,2009-02-19,09:00:00,-10.25058,51.05478,F12,fore_reef,upwelling,FALSE,NA,Alan Friedlander,"Just W of southerly tip, very highly exposed to swell. In front of lower reef crest, so high sediment transport on/off reef. Structure cimilar to F11 though lower vertical relief due to higher exposure. Site dominsted by sediment. Almost no corals, > 1/2% cover prob. Some spurs with 1-2m drop-offs and ledges at ends, at 12 m."
SYC_2012_uvs_010,SYC_2012,uvs,Seychelles,Farquhar,NA,2009-02-19,11:00:00,-10.22591,51.03768,F13,fore_reef,upwelling,FALSE,NA,Alan Friedlander,"Similar to F12, but without sediment influence, so bases of grooves hard substrate/rubble rather than sand. Very high mixing of water T, from 24-26C in one dive."
SYC_2012_uvs_011,SYC_2012,uvs,Seychelles,Farquhar,NA,2009-02-19,16:30:00,-10.17593,51.02714,F14,fore_reef,upwelling,FALSE,NA,Alan Friedlander,"Like F11, towards shallows high releif w, pillars, spurs and caves/underpasses. Transects done at bottom end of these and over flats below."
SYC_2012_uvs_012,SYC_2012,uvs,Seychelles,Farquhar,NA,2009-02-20,09:00:00,-10.20026,51.0284,F15,fore_reef,upwelling,FALSE,NA,Alan Friedlander,Same as F13
SYC_2012_uvs_013,SYC_2012,uvs,Seychelles,Farquhar,NA,2009-02-20,11:00:00,-10.18948,51.02097,F16,fore_reef,upwelling,FALSE,NA,Alan Friedlander,"Same as F13, in shallows extensive undercuts and caves over sand bottom at 4 m, abundant groupers/sweetlips in shelter"
SYC_2012_uvs_019,SYC_2012,uvs,Seychelles,Farquhar,NA,2009-02-23,10:00:00,-10.21261,51.16086,F22,fore_reef,upwelling,FALSE,NA,Alan Friedlander,"Hard rock platform, very little slope but with 70cm deep sand gulleys leading out perpendicular from reef. Like F03, but with no spur/butress zone with higher slope - same flat slope from breakers to > 15 m. Dominated by short macroalgae (Caulerpa), with little coral and few large fish (little shelter?). Very strong N-S current during dive"
SYC_2012_uvs_020,SYC_2012,uvs,Seychelles,Farquhar,NA,2009-02-23,12:00:00,-10.23379,51.12675,F23,fore_reef,upwelling,FALSE,NA,Alan Friedlander,Same as F22
SYC_2012_uvs_022,SYC_2012,uvs,Seychelles,Farquhar,NA,2009-02-24,10:00:00,-10.2541,51.09728,F25,fore_reef,upwelling,FALSE,NA,Alan Friedlander,"Hard pavement with sand gulleys, like  F22."
SYC_2012_uvs_004,SYC_2012,uvs,Seychelles,Farquhar,NA,2009-02-17,09:15:00,-10.12121,51.19173,F07,fore_reef,windward,FALSE,NA,Alan Friedlander,"Same habitat as F03, slightly W, in less-developed butresses/corals"
SYC_2012_uvs_005,SYC_2012,uvs,Seychelles,Farquhar,NA,2009-02-17,11:45:00,-10.13664,51.1943,F08,fore_reef,windward,FALSE,NA,Alan Friedlander,"Same habitat as F03, farther E, less-developed butresses/corals w high Malg in shallows, higher sed, perhaps due to outflow from lagoon/reef flats"
SYC_2012_uvs_006,SYC_2012,uvs,Seychelles,Farquhar,NA,2009-02-17,16:20:00,-10.10439,51.17981,F09,fore_reef,windward,FALSE,NA,Alan Friedlander,"Same habitat as F03, at N tip of island, butresses highly developed but with much higher sediment influence, perhaps from W of island/channel.  V low Malg, corals not quite as developed as F03. Very good fish populations"
SYC_2012_uvs_014,SYC_2012,uvs,Seychelles,Farquhar,NA,2009-02-21,09:00:00,-10.17682,51.17895,F17,fore_reef,windward,FALSE,NA,Alan Friedlander,"Same habitat as F03, fringing reef with spurs/gulleys. 2 m vert height at their shallowest down to 1 m vert height at base. Very low slope"
SYC_2012_uvs_015,SYC_2012,uvs,Seychelles,Farquhar,NA,2009-02-21,11:00:00,-10.15659,51.18757,F18,fore_reef,windward,FALSE,NA,Alan Friedlander,"Same habitat as F03, fringing reef with spurs/gulleys. 2 m vert height at their shallowest down to 1 m vert height at base. Very low slope"
SLI_2023_uvs_001,SLI_2023,uvs,Southern Line Islands,Flint,NA,2023-05-22,10:30:00,-11.41927,-151.82724,FLI_04,fore_reef,leeward,TRUE,SLIMPA - 12 n.m,Alan Friedlander,NA
SLI_2023_uvs_002,SLI_2023,uvs,Southern Line Islands,Flint,NA,2023-05-22,15:00:00,-11.43492,-151.82201,FLI_03,fore_reef,leeward,TRUE,SLIMPA - 12 n.m,Alan Friedlander,NA
SLI_2023_uvs_003,SLI_2023,uvs,Southern Line Islands,Flint,NA,2023-05-23,08:30:00,-11.43118,-151.8248,FLI_01,fore_reef,leeward,TRUE,SLIMPA - 12 n.m,Alan Friedlander,NA
SLI_2023_uvs_004,SLI_2023,uvs,Southern Line Islands,Flint,NA,2023-05-23,10:50:00,-11.43682,-151.82095,FLI_06,fore_reef,leeward,TRUE,SLIMPA - 12 n.m,Alan Friedlander,NA
SLI_2023_uvs_005,SLI_2023,uvs,Southern Line Islands,Flint,NA,2023-05-23,14:40:00,-11.44413,-151.81645,FLI_05,fore_reef,leeward,TRUE,SLIMPA - 12 n.m,Alan Friedlander,NA
SLI_2023_uvs_006,SLI_2023,uvs,Southern Line Islands,Flint,NA,2023-05-24,08:30:00,-11.44015,-151.81877,FLI_02,fore_reef,leeward,TRUE,SLIMPA - 12 n.m,Alan Friedlander,NA
SLI_2023_uvs_007,SLI_2023,uvs,Southern Line Islands,Flint,NA,2023-05-24,10:45:00,-11.43659,-151.82104,FLI_07,fore_reef,leeward,TRUE,SLIMPA - 12 n.m,Alan Friedlander,NA
SLI_2023_uvs_008,SLI_2023,uvs,Southern Line Islands,Flint,NA,2023-05-24,15:00:00,-11.4475,-151.8135,F7,fore_reef,leeward,TRUE,SLIMPA - 12 n.m,Alan Friedlander,NA
SLI_2023_uvs_009,SLI_2023,uvs,Southern Line Islands,Flint,NA,2023-05-25,08:30:00,-11.41532,-151.82713,FLI_08,fore_reef,leeward,TRUE,SLIMPA - 12 n.m,Alan Friedlander,NA
SLI_2023_uvs_010,SLI_2023,uvs,Southern Line Islands,Flint,NA,2023-05-25,10:50:00,-11.41036,-151.82794,FLI_09,fore_reef,leeward,TRUE,SLIMPA - 12 n.m,Alan Friedlander,NA
SLI_2023_uvs_011,SLI_2023,uvs,Southern Line Islands,Millennium,NA,2023-05-26,12:30:00,-9.91578,-150.21051,MIL_03,fore_reef,leeward,TRUE,SLIMPA - 12 n.m,Alan Friedlander,NA
SLI_2023_uvs_012,SLI_2023,uvs,Southern Line Islands,Millennium,NA,2023-05-26,14:50:00,-9.90668,-150.21333,MIL_C10,fore_reef,leeward,TRUE,SLIMPA - 12 n.m,Alan Friedlander,NA
SLI_2023_uvs_013,SLI_2023,uvs,Southern Line Islands,Millennium,NA,2023-05-27,08:30:00,-9.92806,-150.2101,MIL_C08,fore_reef,leeward,TRUE,SLIMPA - 12 n.m,Alan Friedlander,NA
SLI_2023_uvs_014,SLI_2023,uvs,Southern Line Islands,Millennium,NA,2023-05-27,10:50:00,-9.93995,-150.21213,MIL_C07,fore_reef,leeward,TRUE,SLIMPA - 12 n.m,Alan Friedlander,NA
SLI_2023_uvs_015,SLI_2023,uvs,Southern Line Islands,Millennium,NA,2023-05-27,15:00:00,-9.95081,-150.21542,MIL_04,fore_reef,leeward,TRUE,SLIMPA - 12 n.m,Alan Friedlander,NA
SLI_2023_uvs_016,SLI_2023,uvs,Southern Line Islands,Millennium,NA,2023-05-28,08:15:00,-9.9546,-150.21555,MIL_02,fore_reef,leeward,TRUE,SLIMPA - 12 n.m,Alan Friedlander,NA
SLI_2023_uvs_017,SLI_2023,uvs,Southern Line Islands,Millennium,NA,2023-05-28,10:25:00,-9.96098,-150.21771,MIL_C05,fore_reef,leeward,TRUE,SLIMPA - 12 n.m,Alan Friedlander,NA
SLI_2023_uvs_018,SLI_2023,uvs,Southern Line Islands,Millennium,NA,2023-05-28,14:50:00,-9.97102,-150.2216,MIL_01,fore_reef,leeward,TRUE,SLIMPA - 12 n.m,Alan Friedlander,NA
SLI_2023_uvs_019,SLI_2023,uvs,Southern Line Islands,Millennium,NA,2023-05-29,08:20:00,-9.9793,-150.22855,MIL_06,fore_reef,leeward,TRUE,SLIMPA - 12 n.m,Alan Friedlander,NA
SLI_2023_uvs_020,SLI_2023,uvs,Southern Line Islands,Millennium,NA,2023-05-29,10:40:00,-9.98792,-150.2327,MIL_05,fore_reef,leeward,TRUE,SLIMPA - 12 n.m,Alan Friedlander,NA
SLI_2023_uvs_021,SLI_2023,uvs,Southern Line Islands,Millennium,NA,2023-05-29,14:50:00,-9.99193,-150.23393,MIL_C25,fore_reef,leeward,TRUE,SLIMPA - 12 n.m,Alan Friedlander,NA
SLI_2023_uvs_022,SLI_2023,uvs,Southern Line Islands,Millennium,NA,2023-05-30,08:15:00,-9.99833,-150.23634,MIL_16,fore_reef,leeward,TRUE,SLIMPA - 12 n.m,Alan Friedlander,NA
SLI_2023_uvs_023,SLI_2023,uvs,Southern Line Islands,Millennium,NA,2023-05-30,10:45:00,-10.00463,-150.23869,MIL_C01,fore_reef,leeward,TRUE,SLIMPA - 12 n.m,Alan Friedlander,NA
SLI_2023_uvs_024,SLI_2023,uvs,Southern Line Islands,Millennium,NA,2023-05-30,14:50:00,-10.01646,-150.22618,MIL_24,fore_reef,leeward,TRUE,SLIMPA - 12 n.m,Alan Friedlander,NA
SLI_2023_uvs_025,SLI_2023,uvs,Southern Line Islands,Millennium,NA,2023-05-31,10:15:00,-9.99814,-150.22656,MIL_L1,patch_reef,lagoon,TRUE,SLIMPA - 12 n.m,Alan Friedlander,NA
SLI_2023_uvs_026,SLI_2023,uvs,Southern Line Islands,Millennium,NA,2023-05-31,15:00:00,-10.00206,-150.21893,MIL_26,fore_reef,windward,TRUE,SLIMPA - 12 n.m,Alan Friedlander,NA
SLI_2023_uvs_027,SLI_2023,uvs,Southern Line Islands,Millennium,NA,2023-06-01,08:30:00,-10.01646,-150.22618,MIL_24,fore_reef,leeward,TRUE,SLIMPA - 12 n.m,Alan Friedlander,NA
SLI_2023_uvs_028,SLI_2023,uvs,Southern Line Islands,Vostok,NA,2023-06-02,08:30:00,-10.06019,-152.31497,VOS_02,fore_reef,leeward,TRUE,SLIMPA - 12 n.m,Alan Friedlander,NA
SLI_2023_uvs_029,SLI_2023,uvs,Southern Line Islands,Vostok,NA,2023-06-02,10:45:00,-10.05809,-152.30956,VOS_03,fore_reef,windward,TRUE,SLIMPA - 12 n.m,Alan Friedlander,NA
SLI_2023_uvs_030,SLI_2023,uvs,Southern Line Islands,Vostok,NA,2023-06-02,15:15:00,-10.06399,-152.30881,VOS_08,fore_reef,windward,TRUE,SLIMPA - 12 n.m,Alan Friedlander,NA
SLI_2023_uvs_031,SLI_2023,uvs,Southern Line Islands,Vostok,NA,2023-06-03,08:15:00,-10.06272,-152.30888,VOS_04,fore_reef,windward,TRUE,SLIMPA - 12 n.m,Alan Friedlander,NA
SLI_2023_uvs_032,SLI_2023,uvs,Southern Line Islands,Vostok,NA,2023-06-03,11:00:00,-10.05922,-152.31412,VOS_01,fore_reef,leeward,TRUE,SLIMPA - 12 n.m,Alan Friedlander,NA
SLI_2023_uvs_033,SLI_2023,uvs,Southern Line Islands,Vostok,NA,2023-06-03,15:00:00,-10.06436,-152.31888,VOS_07,fore_reef,leeward,TRUE,SLIMPA - 12 n.m,Alan Friedlander,NA
SLI_2009_uvs_001,SLI_2009,uvs,Southern Line Islands,Flint,NA,2009-03-29,09:35:00,-11.43911,-151.81964,F5,fore_reef,leeward,FALSE,NA,Alan Friedlander,NA
SLI_2009_uvs_002,SLI_2009,uvs,Southern Line Islands,Flint,NA,2009-03-29,11:45:00,-11.42692,-151.82747,F3,fore_reef,leeward,FALSE,NA,Alan Friedlander,NA
SLI_2009_uvs_003,SLI_2009,uvs,Southern Line Islands,Flint,NA,2009-03-29,12:53:00,-11.43118,-151.8248,FLI_01; SLI_002; Fmo1; F4,fore_reef,leeward,FALSE,NA,Jenn Casselle,NA
SLI_2009_uvs_004,SLI_2009,uvs,Southern Line Islands,Flint,NA,2009-03-29,16:30:00,-11.41532,-151.82713,FLI_08; SLI_007; F1,fore_reef,leeward,FALSE,NA,Alan Friedlander,NA
SLI_2009_uvs_005,SLI_2009,uvs,Southern Line Islands,Flint,NA,2009-03-30,09:55:00,-11.41604,-151.821,F14,fore_reef,windward,FALSE,NA,Jenn Casselle,NA
SLI_2009_uvs_006,SLI_2009,uvs,Southern Line Islands,Flint,NA,2009-03-30,10:00:00,-11.41927,-151.82724,FLI_04; SLI_001; Fmo4; F2,fore_reef,leeward,FALSE,NA,Alan Friedlander,NA
SLI_2009_uvs_007,SLI_2009,uvs,Southern Line Islands,Flint,NA,2009-03-30,11:45:00,-11.42491,-151.8163,F12,fore_reef,windward,FALSE,NA,Jenn Casselle,NA
SLI_2009_uvs_008,SLI_2009,uvs,Southern Line Islands,Flint,NA,2009-03-30,12:10:00,-11.42843,-151.82649,F17; SLI_008,fore_reef,leeward,FALSE,NA,Alan Friedlander,NA
SLI_2009_uvs_009,SLI_2009,uvs,Southern Line Islands,Flint,NA,2009-03-30,15:55:00,-11.44061,-151.81027,F10,fore_reef,windward,FALSE,NA,Jenn Casselle,NA
SLI_2009_uvs_010,SLI_2009,uvs,Southern Line Islands,Flint,NA,2009-03-30,16:00:00,-11.41915,-151.81836,F13,fore_reef,windward,FALSE,NA,Alan Friedlander,NA
SLI_2009_uvs_011,SLI_2009,uvs,Southern Line Islands,Flint,NA,2009-03-31,09:00:00,-11.44413,-151.81645,FLI_05; SLI_005; Fmo5; F6,fore_reef,leeward,FALSE,NA,Alan Friedlander,NA
SLI_2009_uvs_012,SLI_2009,uvs,Southern Line Islands,Flint,NA,2009-03-31,09:00:00,-11.44743,-151.81354,F7,fore_reef,leeward,FALSE,NA,Stuart Sandin,NA
SLI_2009_uvs_013,SLI_2009,uvs,Southern Line Islands,Flint,NA,2009-03-31,11:00:00,-11.45005,-151.80664,F8,fore_reef,windward,FALSE,NA,Alan Friedlander,NA
SLI_2009_uvs_014,SLI_2009,uvs,Southern Line Islands,Flint,NA,2009-03-31,11:00:00,-11.4443,-151.80905,F9,fore_reef,windward,FALSE,NA,Stuart Sandin,NA
SLI_2009_uvs_015,SLI_2009,uvs,Southern Line Islands,Vostok,NA,2009-04-01,08:50:00,-10.05809,-152.30956,VOS_03; SLI_012; Vmo3; V10,fore_reef,windward,FALSE,NA,Alan Friedlander,NA
SLI_2009_uvs_016,SLI_2009,uvs,Southern Line Islands,Vostok,NA,2009-04-01,09:10:00,-10.0577,-152.31285,V1,fore_reef,leeward,FALSE,NA,Stuart Sandin,NA
SLI_2009_uvs_017,SLI_2009,uvs,Southern Line Islands,Vostok,NA,2009-04-01,11:40:00,-10.06348,-152.31856,V4,fore_reef,leeward,FALSE,NA,Stuart Sandin,NA
SLI_2009_uvs_018,SLI_2009,uvs,Southern Line Islands,Vostok,NA,2009-04-01,12:00:00,-10.06517,-152.3168,V5,fore_reef,leeward,FALSE,NA,Alan Friedlander,NA
SLI_2009_uvs_019,SLI_2009,uvs,Southern Line Islands,Vostok,NA,2009-04-01,15:30:00,-10.06236,-152.31776,V3,fore_reef,leeward,FALSE,NA,Alan Friedlander,NA
SLI_2009_uvs_020,SLI_2009,uvs,Southern Line Islands,Vostok,NA,2009-04-01,15:30:00,-10.05922,-152.31412,VOS_01; SLI_009; Vmo1; V2,fore_reef,leeward,FALSE,NA,Stuart Sandin,NA
SLI_2009_uvs_021,SLI_2009,uvs,Southern Line Islands,Vostok,NA,2009-04-02,09:00:00,-10.06621,-152.31461,V6,fore_reef,leeward,FALSE,NA,Alan Friedlander,NA
SLI_2009_uvs_022,SLI_2009,uvs,Southern Line Islands,Vostok,NA,2009-04-02,11:00:00,-10.057,-152.312,V11,fore_reef,leeward,FALSE,NA,Alan Friedlander,NA
SLI_2009_uvs_023,SLI_2009,uvs,Southern Line Islands,Vostok,NA,2009-04-03,09:10:00,-10.06754,-152.30939,V8,fore_reef,windward,FALSE,NA,Stuart Sandin,NA
SLI_2009_uvs_024,SLI_2009,uvs,Southern Line Islands,Vostok,NA,2009-04-03,09:15:00,-10.06272,-152.30888,VOS_04; SLI_013; Vmo4; V9,fore_reef,windward,FALSE,NA,Alan Friedlander,NA
SLI_2009_uvs_025,SLI_2009,uvs,Southern Line Islands,Starbuck,NA,2009-04-05,09:00:00,-5.66441,-155.87346,S13,fore_reef,unknown,FALSE,NA,Alan Friedlander,NA
SLI_2009_uvs_026,SLI_2009,uvs,Southern Line Islands,Starbuck,NA,2009-04-05,09:05:00,-5.66425,-155.88309,S14,fore_reef,unknown,FALSE,NA,Stuart Sandin,NA
SLI_2009_uvs_027,SLI_2009,uvs,Southern Line Islands,Starbuck,NA,2009-04-05,11:15:00,-5.64697,-155.90637,S2,fore_reef,unknown,FALSE,NA,Stuart Sandin,NA
SLI_2009_uvs_028,SLI_2009,uvs,Southern Line Islands,Starbuck,NA,2009-04-05,11:55:00,-5.65277,-155.89851,S15,fore_reef,unknown,FALSE,NA,Alan Friedlander,NA
SLI_2009_uvs_029,SLI_2009,uvs,Southern Line Islands,Starbuck,NA,2009-04-05,16:45:00,-5.62802,-155.91782,S5,fore_reef,unknown,FALSE,NA,Stuart Sandin,NA
SLI_2009_uvs_030,SLI_2009,uvs,Southern Line Islands,Starbuck,NA,2009-04-05,17:00:00,-5.62613,-155.90802,S19; STA_04; Smo4,fore_reef,unknown,FALSE,NA,Alan Friedlander,NA
SLI_2009_uvs_031,SLI_2009,uvs,Southern Line Islands,Starbuck,NA,2009-04-06,08:40:00,-5.6222,-155.88002,S7; STA_05; Smo5,fore_reef,unknown,FALSE,NA,Stuart Sandin,NA
SLI_2009_uvs_032,SLI_2009,uvs,Southern Line Islands,Starbuck,NA,2009-04-06,09:00:00,-5.62042,-155.8886,S20,fore_reef,unknown,FALSE,NA,Alan Friedlander,NA
SLI_2009_uvs_033,SLI_2009,uvs,Southern Line Islands,Starbuck,NA,2009-04-06,10:40:00,-5.62352,-155.89949,S6,fore_reef,unknown,FALSE,NA,Stuart Sandin,NA
SLI_2009_uvs_034,SLI_2009,uvs,Southern Line Islands,Starbuck,NA,2009-04-06,11:40:00,-5.62932,-155.92758,S18,fore_reef,unknown,FALSE,NA,Alan Friedlander,NA
SLI_2009_uvs_035,SLI_2009,uvs,Southern Line Islands,Starbuck,NA,2009-04-06,16:15:00,-5.62352,-155.86238,S8,fore_reef,unknown,FALSE,NA,Stuart Sandin,NA
SLI_2009_uvs_036,SLI_2009,uvs,Southern Line Islands,Starbuck,NA,2009-04-06,17:00:00,-5.62345,-155.87148,S21,fore_reef,unknown,FALSE,NA,Alan Friedlander,NA
SLI_2009_uvs_037,SLI_2009,uvs,Southern Line Islands,Starbuck,NA,2009-04-07,09:00:00,-5.6311,-155.84447,S9,fore_reef,unknown,FALSE,NA,Jenn Casselle,NA
SLI_2009_uvs_038,SLI_2009,uvs,Southern Line Islands,Starbuck,NA,2009-04-07,09:15:00,-5.63575,-155.83907,S23,fore_reef,unknown,FALSE,NA,Alan Friedlander,NA
SLI_2009_uvs_039,SLI_2009,uvs,Southern Line Islands,Starbuck,NA,2009-04-07,11:10:00,-5.63964,-155.83038,S10,fore_reef,unknown,FALSE,NA,Jenn Casselle,NA
SLI_2009_uvs_040,SLI_2009,uvs,Southern Line Islands,Starbuck,NA,2009-04-07,11:15:00,-5.62574,-155.85133,S22,fore_reef,unknown,FALSE,NA,Alan Friedlander,NA
SLI_2009_uvs_041,SLI_2009,uvs,Southern Line Islands,Starbuck,NA,2009-04-08,08:45:00,-5.65035,-155.85153,S24,fore_reef,unknown,FALSE,NA,Alan Friedlander,NA
SLI_2009_uvs_042,SLI_2009,uvs,Southern Line Islands,Starbuck,NA,2009-04-08,10:12:00,-5.65261,-155.85776,S12,fore_reef,unknown,FALSE,NA,Jenn Casselle,NA
SLI_2009_uvs_043,SLI_2009,uvs,Southern Line Islands,Starbuck,NA,2009-04-08,10:45:00,-5.64224,-155.83154,S25,fore_reef,unknown,FALSE,NA,Alan Friedlander,NA
SLI_2009_uvs_044,SLI_2009,uvs,Southern Line Islands,Starbuck,NA,2009-04-08,13:00:00,-5.65958,-155.89253,S1,fore_reef,unknown,FALSE,NA,Jenn Casselle,NA
SLI_2009_uvs_045,SLI_2009,uvs,Southern Line Islands,Malden,NA,2009-04-10,10:00:00,-3.9961700000000002,-154.95502,M4; MAL_02; Mmo2,fore_reef,unknown,FALSE,NA,Stuart Sandin,NA
SLI_2009_uvs_046,SLI_2009,uvs,Southern Line Islands,Malden,NA,2009-04-10,10:10:00,-3.99531,-154.94452,M5; MAL_06; Mmo6,fore_reef,unknown,FALSE,NA,Alan Friedlander,NA
SLI_2009_uvs_047,SLI_2009,uvs,Southern Line Islands,Malden,NA,2009-04-10,12:10:00,-3.99656,-154.96609,M3; MAL_01; Mmo1,fore_reef,unknown,FALSE,NA,Alan Friedlander,NA
SLI_2009_uvs_048,SLI_2009,uvs,Southern Line Islands,Malden,NA,2009-04-10,14:00:00,-3.99199,-154.91693,M8,fore_reef,unknown,FALSE,NA,Stuart Sandin,NA
SLI_2009_uvs_049,SLI_2009,uvs,Southern Line Islands,Malden,NA,2009-04-10,16:00:00,-3.99443,-154.9353,M6,fore_reef,unknown,FALSE,NA,Stuart Sandin,NA
SLI_2009_uvs_050,SLI_2009,uvs,Southern Line Islands,Malden,NA,2009-04-10,16:30:00,-3.99477,-154.92587,M7,fore_reef,unknown,FALSE,NA,Alan Friedlander,NA
SLI_2009_uvs_051,SLI_2009,uvs,Southern Line Islands,Malden,NA,2009-04-11,08:30:00,-4.03326,-154.95094,M25,fore_reef,unknown,FALSE,NA,Alan Friedlander,NA
SLI_2009_uvs_052,SLI_2009,uvs,Southern Line Islands,Malden,NA,2009-04-11,08:50:00,-4.04567,-154.936,M21,fore_reef,unknown,FALSE,NA,Stuart Sandin,NA
SLI_2009_uvs_053,SLI_2009,uvs,Southern Line Islands,Malden,NA,2009-04-11,11:00:00,-4.05425,-154.92235,M23,fore_reef,unknown,FALSE,NA,Stuart Sandin,NA
SLI_2009_uvs_054,SLI_2009,uvs,Southern Line Islands,Malden,NA,2009-04-11,11:20:00,-4.04852,-154.9007,M18,fore_reef,unknown,FALSE,NA,Alan Friedlander,NA
SLI_2009_uvs_055,SLI_2009,uvs,Southern Line Islands,Malden,NA,2009-04-11,16:50:00,-4.02688,-154.9574,M26,fore_reef,unknown,FALSE,NA,Alan Friedlander,NA
SLI_2009_uvs_056,SLI_2009,uvs,Southern Line Islands,Malden,NA,2009-04-12,08:50:00,-4.01096,-154.89906,M14,fore_reef,unknown,FALSE,NA,Alan Friedlander,NA
SLI_2009_uvs_057,SLI_2009,uvs,Southern Line Islands,Malden,NA,2009-04-12,08:50:00,-4.00242,-154.89528,M13,fore_reef,unknown,FALSE,NA,Jenn Casselle,NA
SLI_2009_uvs_058,SLI_2009,uvs,Southern Line Islands,Malden,NA,2009-04-12,10:12:00,-4.01975,-154.90361,M15,fore_reef,unknown,FALSE,NA,Jenn Casselle,NA
SLI_2009_uvs_059,SLI_2009,uvs,Southern Line Islands,Malden,NA,2009-04-12,11:30:00,-4.02915,-154.90294,M16,fore_reef,unknown,FALSE,NA,Alan Friedlander,NA
SLI_2009_uvs_060,SLI_2009,uvs,Southern Line Islands,Malden,NA,2009-04-12,15:45:00,-4.0215,-154.96535,M27; MAL_03; Mmo3,fore_reef,unknown,FALSE,NA,Alan Friedlander,NA
SLI_2009_uvs_061,SLI_2009,uvs,Southern Line Islands,Malden,NA,2009-04-13,09:05:00,-4.05073,-154.91411,M20,fore_reef,unknown,FALSE,NA,Stuart Sandin,NA
SLI_2009_uvs_062,SLI_2009,uvs,Southern Line Islands,Malden,NA,2009-04-13,09:15:00,-4.03811,-154.90166,M17,fore_reef,unknown,FALSE,NA,Alan Friedlander,NA
SLI_2009_uvs_063,SLI_2009,uvs,Southern Line Islands,Malden,NA,2009-04-13,10:45:00,-4.04728,-154.9062,M19,fore_reef,unknown,FALSE,NA,Alan Friedlander,NA
SLI_2009_uvs_064,SLI_2009,uvs,Southern Line Islands,Malden,NA,2009-04-13,10:45:00,-4.05017,-154.92867,M22,fore_reef,unknown,FALSE,NA,Stuart Sandin,NA
SLI_2009_uvs_065,SLI_2009,uvs,Southern Line Islands,Malden,NA,2009-04-13,15:00:00,-4.00709,-154.97105,M2,fore_reef,unknown,FALSE,NA,Stuart Sandin,NA
SLI_2009_uvs_066,SLI_2009,uvs,Southern Line Islands,Malden,NA,2009-04-14,08:55:00,-4.01351,-154.971,M1,fore_reef,unknown,FALSE,NA,Jenn Casselle,NA
SLI_2009_uvs_067,SLI_2009,uvs,Southern Line Islands,Malden,NA,2009-04-14,09:45:00,-3.98598,-154.90797,M9,fore_reef,unknown,FALSE,NA,Alan Friedlander,NA
SLI_2009_uvs_068,SLI_2009,uvs,Southern Line Islands,Malden,NA,2009-04-14,12:00:00,-3.98337,-154.88728,M11,fore_reef,unknown,FALSE,NA,Alan Friedlander,NA
SLI_2009_uvs_069,SLI_2009,uvs,Southern Line Islands,Malden,NA,2009-04-14,12:00:00,-3.98507,-154.89751,M10,fore_reef,unknown,FALSE,NA,Jenn Casselle,NA
SLI_2009_uvs_070,SLI_2009,uvs,Southern Line Islands,Millennium,NA,2009-04-16,08:30:00,-9.97102,-150.2216,MIL_01; SLI_019; Cmo1; C4,fore_reef,leeward,FALSE,NA,Alan Friedlander,NA
SLI_2009_uvs_071,SLI_2009,uvs,Southern Line Islands,Millennium,NA,2009-04-16,08:30:00,-9.9793,-150.22855,MIL_06; SLI_018; Cmo6; C3,fore_reef,leeward,FALSE,NA,Stuart Sandin,NA
SLI_2009_uvs_072,SLI_2009,uvs,Southern Line Islands,Millennium,NA,2009-04-16,10:30:00,-9.96098,-150.21771,MIL_C05; SLI_028; C5,fore_reef,leeward,FALSE,NA,Stuart Sandin,NA
SLI_2009_uvs_073,SLI_2009,uvs,Southern Line Islands,Millennium,NA,2009-04-16,11:00:00,-9.94965,-150.21533,C6,fore_reef,leeward,FALSE,NA,Alan Friedlander,NA
SLI_2009_uvs_074,SLI_2009,uvs,Southern Line Islands,Millennium,NA,2009-04-16,16:00:00,-10.00463,-150.23869,MIL_C01; SLI_020; C1,fore_reef,leeward,FALSE,NA,Alan Friedlander,NA
SLI_2009_uvs_075,SLI_2009,uvs,Southern Line Islands,Millennium,NA,2009-04-17,09:00:00,-9.92806,-150.2101,MIL_C08; SLI_024; C8,fore_reef,leeward,FALSE,NA,Alan Friedlander,NA
SLI_2009_uvs_076,SLI_2009,uvs,Southern Line Islands,Millennium,NA,2009-04-17,09:00:00,-9.91578,-150.21051,MIL_03; SLI_023; Cmo3; C9,fore_reef,leeward,FALSE,NA,Jenn Casselle,NA
SLI_2009_uvs_077,SLI_2009,uvs,Southern Line Islands,Millennium,NA,2009-04-17,11:20:00,-9.90668,-150.21333,MIL_C10; SLI_031; C10,fore_reef,leeward,FALSE,NA,Alan Friedlander,NA
SLI_2009_uvs_078,SLI_2009,uvs,Southern Line Islands,Millennium,NA,2009-04-17,11:24:00,-9.93995,-150.21213,MIL_C07; SLI_025; C7,fore_reef,leeward,FALSE,NA,Jenn Casselle,NA
SLI_2009_uvs_079,SLI_2009,uvs,Southern Line Islands,Millennium,NA,2009-04-18,16:00:00,-9.95081,-150.21542,MIL_04; SLI_026; Cmo4; C26,fore_reef,leeward,FALSE,NA,Stuart Sandin,NA
SLI_2009_uvs_080,SLI_2009,uvs,Southern Line Islands,Millennium,NA,2009-04-19,09:00:00,-9.90191,-150.20662,C11,fore_reef,windward,FALSE,NA,Alan Friedlander,NA
SLI_2009_uvs_081,SLI_2009,uvs,Southern Line Islands,Millennium,NA,2009-04-19,11:30:00,-9.91663,-150.19696,MIL_C13; C13,fore_reef,windward,FALSE,NA,Alan Friedlander,NA
SLI_2009_uvs_082,SLI_2009,uvs,Southern Line Islands,Millennium,NA,2009-04-19,NA,-9.90809,-150.20076,MIL_C12; C12,fore_reef,windward,FALSE,NA,Stuart Sandin,NA
SLI_2009_uvs_083,SLI_2009,uvs,Southern Line Islands,Millennium,NA,2009-04-19,NA,-9.92773,-150.19443,C14,fore_reef,windward,FALSE,NA,Stuart Sandin,NA
SLI_2009_uvs_084,SLI_2009,uvs,Southern Line Islands,Millennium,NA,2009-04-20,09:40:00,-9.97155,-150.19781,C18,fore_reef,windward,FALSE,NA,Alan Friedlander,NA
SLI_2009_uvs_085,SLI_2009,uvs,Southern Line Islands,Millennium,NA,2009-04-20,09:40:00,-9.96026,-150.1942,C17,fore_reef,windward,FALSE,NA,Stuart Sandin,NA
SLI_2009_uvs_086,SLI_2009,uvs,Southern Line Islands,Millennium,NA,2009-04-20,11:30:00,-10.00813,-150.22018,C22,fore_reef,windward,FALSE,NA,Stuart Sandin,NA
SLI_2009_uvs_087,SLI_2009,uvs,Southern Line Islands,Millennium,NA,2009-04-20,11:40:00,-10.00359,-150.21941,C21,fore_reef,windward,FALSE,NA,Alan Friedlander,NA
SLI_2009_uvs_088,SLI_2009,uvs,Southern Line Islands,Millennium,NA,2009-04-20,15:15:00,-10.01105,-150.23424,MIL_C24; SLI_021; C24,fore_reef,leeward,FALSE,NA,Stuart Sandin,NA
SLI_2009_uvs_089,SLI_2009,uvs,Southern Line Islands,Millennium,NA,2009-04-22,10:00:00,-9.9372,-150.19563,C15,fore_reef,windward,FALSE,NA,Jenn Casselle,NA
SLI_2009_uvs_090,SLI_2009,uvs,Southern Line Islands,Millennium,NA,2009-04-22,10:15:00,-9.9504,-150.19272,C16,fore_reef,windward,FALSE,NA,Alan Friedlander,NA
SLI_2009_uvs_091,SLI_2009,uvs,Southern Line Islands,Millennium,NA,2009-04-22,12:00:00,-9.98008,-150.20438,C19,fore_reef,windward,FALSE,NA,Jenn Casselle,NA
SLI_2009_uvs_092,SLI_2009,uvs,Southern Line Islands,Millennium,NA,2009-04-22,12:05:00,-9.98967,-150.21057,C20,fore_reef,windward,FALSE,NA,Alan Friedlander,NA
SLI_2009_uvs_093,SLI_2009,uvs,Southern Line Islands,Millennium,NA,2009-04-23,10:00:00,-9.99193,-150.23393,MIL_C25; C2,fore_reef,leeward,FALSE,NA,Alan Friedlander,NA
SLI_2009_uvs_094,SLI_2009,uvs,Southern Line Islands,Millennium,NA,2009-04-23,12:05:00,-10.01646,-150.22618,MIL_24; SLI_033; C23,fore_reef,leeward,FALSE,NA,Jenn Casselle,NA
